Date,Operating Revenue,Revenue,Cost of Goods Sold,Gross Profit,Research and Development Expense,SG&A Expense,General and Administrative Expense,Sales and Marketing Expense,Rent and Landing Expense,Income Statement Depreciation,Reconciled Depreciation,Amortization Expense,Amortization of Intangibles,Provision for Doubtful Accounts,Other Operating Expenses,Total Operating Expenses,Operating Income,Other Income and Expenses,Other Comprehensive Income (Quarterly),Special Income and Charges,Net Interest Income,Income from Continuing Operations,Income from Discontinued Operations,"Extraordinary Items, Income Statement",Investment Write Off,Total Interest Expense (Quarterly),Non-Operating Income,Non-Operating Interest Income,Non-Operating Interest Expense,Net Non-Operating Interest Income Expense,Pre-Tax Income,Excise Taxes,Non Income Taxes,Provision for Income Taxes,Income Attributable to Minority Interest,Net Income,Normalized Income,Total Expenses,EBIT,EBITDA,EBITDA Margin (Quarterly),EPS Basic from Accounting Change,EPS Basic from Continuing Operations,EPS Basic from Discontinued Operations,EPS Basic from Extraordinaries,EPS Basic from Other Gains / Loss,EPS Basic from Tax Loss Carryforward,EPS Basic,EPS Diluted from Accounting Change,EPS Diluted from Continuing Operations,EPS Diluted from Discontinued Operations,EPS Diluted from Extraordinaries,EPS Diluted from Other Gain/Loss,EPS Diluted from Tax Loss Carryforward,EPS Diluted,Normalized Basic EPS,Normalized Diluted EPS,Dividend Per Share,Preferred Stock Dividend,Average Basic Shares Outstanding,Average Diluted Shares Outstanding
1989-06-01,13700000.0,13700000.0,0.0,0.0,0.0,0.0,0.0,0.0,0.0,0.0,0.0,0.0,0.0,0.0,0.0,0.0,13700000.0,0.0,0.0,0.0,0.0,800000.0,0.0,0.0,0.0,0.0,0.0,0.0,0.0,0.0,0.0,0.0,0.0,0.0,0.0,800000.0,0.0,0.0,13700000.0,13700000.0,100.0,0.0,0.01,0.0,0.0,0.0,0.0,0.01,0.0,0.01,0.0,0.0,0.0,0.0,0.01,0.01,0.01,0.0,0.0,149570000.0,149570000.0
1989-09-01,17300000.0,17300000.0,0.0,0.0,0.0,0.0,0.0,0.0,0.0,0.0,0.0,0.0,0.0,0.0,0.0,0.0,17300000.0,0.0,0.0,0.0,0.0,1100000.0,0.0,0.0,0.0,0.0,0.0,0.0,0.0,0.0,0.0,0.0,0.0,0.0,0.0,1100000.0,0.0,0.0,17300000.0,17300000.0,100.0,0.0,0.01,0.0,0.0,0.0,0.0,0.01,0.0,0.01,0.0,0.0,0.0,0.0,0.01,0.01,0.01,0.0,0.0,149570000.0,149570000.0
1989-12-01,23500000.0,23500000.0,12300000.0,11200000.0,0.0,6800000.0,0.0,0.0,0.0,0.0,300000.0,0.0,0.0,0.0,0.0,7100000.0,4099999.9999999995,200000.0,0.0,200000.0,0.0,2800000.0,0.0,0.0,0.0,0.0,0.0,0.0,0.0,0.0,4300000.0,0.0,0.0,1500000.0,0.0,2800000.0,2670000.0,19400000.0,4099999.9999999995,4400000.0,18.72,0.0,0.02,0.0,0.0,0.0,0.0,0.02,0.0,0.02,0.0,0.0,0.0,0.0,0.02,0.0191,0.0191,0.0,0.0,140000000.0,140000000.0
1990-03-01,17900000.0,17900000.0,9400000.0,8500000.0,0.0,6400000.0,0.0,0.0,0.0,0.0,300000.0,0.0,0.0,0.0,0.0,6700000.0,1800000.0,500000.0,0.0,500000.0,0.0,1400000.0,0.0,0.0,0.0,0.0,0.0,0.0,0.0,0.0,2300000.0,0.0,0.0,900000.0,0.0,1400000.0,1096000.0,16100000.000000002,1800000.0,2100000.0,11.73,0.0,0.01,0.0,0.0,0.0,0.0,0.01,0.0,0.01,0.0,0.0,0.0,0.0,0.01,0.0078,0.0078,0.0,0.0,139050000.0,139050000.0
1990-06-01,17000000.0,17000000.0,9200000.0,7800000.0,0.0,6100000.0,0.0,0.0,0.0,0.0,300000.0,0.0,0.0,0.0,0.0,6400000.0,1400000.0,400000.0,0.0,400000.0,0.0,1200000.0,0.0,0.0,0.0,0.0,0.0,0.0,0.0,0.0,1900000.0,0.0,0.0,700000.0,0.0,1200000.0,947400.0,15600000.0,1400000.0,1700000.0,10.0,0.0,0.01,0.0,0.0,0.0,0.0,0.01,0.0,0.01,0.0,0.0,0.0,0.0,0.01,0.0079,0.0079,0.0,0.0,120000000.0,120000000.0
1990-09-01,24300000.0,24300000.0,14000000.0,10300000.0,0.0,7600000.0,0.0,0.0,0.0,0.0,400000.0,0.0,0.0,0.0,0.0,8000000.0,2300000.0,400000.0,0.0,400000.0,0.0,1700000.0,0.0,0.0,0.0,0.0,0.0,0.0,0.0,0.0,2600000.0,0.0,0.0,900000.0,0.0,1700000.0,1438000.0,22000000.0,2300000.0,2700000.0,11.11,0.0,0.015,0.0,0.0,0.0,0.0,0.015,0.0,0.015,0.0,0.0,0.0,0.0,0.015,0.0127,0.0127,0.0,0.0,113330000.0,113330000.0
1990-12-01,35200000.0,35200000.0,19500000.0,15700000.0,0.0,9500000.0,0.0,0.0,0.0,0.0,400000.0,0.0,0.0,0.0,0.0,9800000.0,5900000.0,200000.0,0.0,200000.0,0.0,4000000.0,0.0,0.0,0.0,0.0,0.0,0.0,0.0,0.0,6100000.0,0.0,0.0,2100000.0,0.0,4000000.0,3869000.0,29300000.0,5900000.0,6300000.0,17.9,0.0,0.03,0.0,0.0,0.0,0.0,0.03,0.0,0.03,0.0,0.0,0.0,0.0,0.03,0.029,0.029,0.0,0.0,133330000.00000001,133330000.00000001
1991-03-01,25200000.0,25200000.0,14400000.0,10800000.0,0.0,7300000.0,0.0,0.0,0.0,0.0,400000.0,0.0,0.0,0.0,0.0,7700000.0,3100000.0,200000.0,0.0,200000.0,0.0,2200000.0,0.0,0.0,0.0,0.0,0.0,0.0,0.0,0.0,3200000.0,0.0,0.0,1000000.0,0.0,2200000.0,2061999.9999999998,22100000.0,3100000.0,3500000.0,13.89,0.0,0.015,0.0,0.0,0.0,0.0,0.015,0.0,0.015,0.0,0.0,0.0,0.0,0.015,0.0141,0.0141,0.0,0.0,146670000.0,146670000.0
1991-06-01,23900000.0,23900000.0,12600000.0,11300000.0,0.0,9000000.0,0.0,0.0,0.0,0.0,300000.0,0.0,0.0,0.0,0.0,9300000.0,2000000.0,400000.0,0.0,400000.0,0.0,1600000.0,0.0,0.0,0.0,0.0,0.0,0.0,0.0,0.0,2400000.0,0.0,0.0,800000.0,0.0,1600000.0,1333000.0,21900000.0,2000000.0,2300000.0,9.62,0.0,0.01,0.0,0.0,0.0,0.0,0.01,0.0,0.01,0.0,0.0,0.0,0.0,0.01,0.0083,0.0083,0.0,0.0,160000000.0,160000000.0
1991-09-01,33000000.0,33000000.0,16800000.0,16200000.0,0.0,11900000.0,0.0,0.0,0.0,0.0,400000.0,0.0,0.0,0.0,0.0,12400000.0,3800000.0,300000.0,0.0,300000.0,0.0,2700000.0,0.0,0.0,0.0,0.0,0.0,0.0,0.0,0.0,4200000.0,0.0,0.0,1500000.0,0.0,2700000.0,2507000.0,29200000.0,3800000.0,4300000.0,13.03,0.0,0.02,0.0,0.0,0.0,0.0,0.02,0.0,0.02,0.0,0.0,0.0,0.0,0.02,0.0186,0.0186,0.0,0.0,135000000.0,135000000.0
1991-12-01,59100000.0,59100000.0,32600000.0,26500000.0,0.0,15600000.0,0.0,0.0,0.0,0.0,600000.0,0.0,0.0,0.0,0.0,16100000.000000002,10400000.0,200000.0,0.0,200000.0,0.0,6800000.0,0.0,0.0,0.0,0.0,0.0,0.0,0.0,0.0,10500000.0,0.0,0.0,3700000.0,0.0,6800000.0,6670000.0,48700000.0,10400000.0,11000000.0,18.61,0.0,0.04,0.0,0.0,0.0,0.0,0.04,0.0,0.04,0.0,0.0,0.0,0.0,0.04,0.0392,0.0392,0.0,0.0,170000000.0,170000000.0
1992-03-01,45400000.0,45400000.0,23300000.0,22100000.0,0.0,15000000.0,0.0,0.0,0.0,0.0,400000.0,0.0,0.0,0.0,0.0,15400000.0,6700000.0,600000.0,0.0,600000.0,0.0,4800000.0,0.0,0.0,0.0,0.0,0.0,0.0,0.0,0.0,7300000.0,0.0,0.0,2500000.0,0.0,4800000.0,4405000.0,38700000.0,6700000.0,7100000.0,15.64,0.0,0.03,0.0,0.0,0.0,0.0,0.03,0.0,0.03,0.0,0.0,0.0,0.0,0.03,0.0275,0.0275,0.0,0.0,157980000.0,157980000.0
1992-06-01,45200000.0,45200000.0,23300000.0,21900000.0,0.0,15400000.0,0.0,0.0,0.0,0.0,600000.0,0.0,0.0,0.0,0.0,16000000.0,5900000.0,400000.0,0.0,400000.0,0.0,4099999.9999999995,0.0,0.0,0.0,0.0,0.0,0.0,0.0,0.0,6300000.0,0.0,0.0,2200000.0,0.0,4099999.9999999995,3840000.0,39300000.0,5900000.0,6500000.0,14.38,0.0,0.025,0.0,0.0,0.0,0.0,0.025,0.0,0.025,0.0,0.0,0.0,0.0,0.025,0.0234,0.0234,0.0,0.0,164000000.0,164000000.0
1992-09-01,54600000.0,54600000.0,27600000.0,27000000.0,0.0,20100000.0,0.0,0.0,0.0,0.0,300000.0,0.0,0.0,0.0,0.0,20400000.0,6600000.0,900000.0,0.0,900000.0,0.0,5200000.0,0.0,0.0,0.0,0.0,0.0,0.0,0.0,0.0,7400000.0,0.0,0.0,2200000.0,0.0,5200000.0,4568000.0,48000000.0,6600000.0,6900000.0,12.64,0.0,0.03,0.0,0.0,0.0,0.0,0.03,0.0,0.03,0.0,0.0,0.0,0.0,0.03,0.0264,0.0264,0.0,0.0,173330000.0,173330000.0
1992-12-01,107100000.0,107100000.0,60400000.0,46700000.0,0.0,29500000.0,0.0,0.0,0.0,0.0,1000000.0,0.0,0.0,0.0,0.0,30500000.0,16200000.0,600000.0,0.0,600000.0,0.0,12300000.0,0.0,0.0,0.0,0.0,0.0,0.0,0.0,0.0,17400000.0,0.0,0.0,5100000.0,500000.0,12300000.0,11880000.0,90900000.0,16200000.0,17200000.0,16.06,0.0,0.065,0.0,0.0,0.0,0.0,0.065,0.0,0.065,0.0,0.0,0.0,0.0,0.065,0.0628,0.0628,0.0,0.0,189230000.0,189230000.0
1993-03-01,86600000.0,86600000.0,43400000.0,43200000.0,0.0,29400000.0,0.0,0.0,0.0,0.0,2100000.0,0.0,0.0,0.0,0.0,31500000.0,11700000.0,700000.0,0.0,700000.0,0.0,8600000.0,0.0,0.0,0.0,0.0,0.0,0.0,0.0,0.0,12400000.0,0.0,0.0,3800000.0,100000.0,8600000.0,8115000.0,74900000.0,11700000.0,13800000.0,15.94,0.0,0.04,0.0,0.0,0.0,0.0,0.04,0.0,0.04,0.0,0.0,0.0,0.0,0.04,0.0377,0.0377,0.0,0.0,213890000.0,213890000.0
1993-06-01,79500000.0,79500000.0,40200000.0,39300000.0,0.0,28100000.0,0.0,0.0,0.0,0.0,1400000.0,0.0,0.0,0.0,0.0,29500000.0,9800000.0,700000.0,0.0,700000.0,0.0,7300000.0,0.0,0.0,0.0,0.0,0.0,0.0,0.0,0.0,10600000.0,0.0,0.0,3300000.0,0.0,7300000.0,6818000.0,69700000.0,9800000.0,11200000.0,14.09,0.0,0.04,0.0,0.0,0.0,0.0,0.04,0.0,0.04,0.0,0.0,0.0,0.0,0.04,0.0374,0.0374,0.0,0.0,182500000.0,182500000.0
1993-09-01,82100000.0,82100000.0,40100000.0,42000000.0,0.0,30200000.0,0.0,0.0,0.0,0.0,1900000.0,0.0,0.0,0.0,0.0,31900000.0,10100000.0,1200000.0,0.0,1200000.0,0.0,8000000.0,0.0,0.0,0.0,0.0,0.0,0.0,0.0,0.0,11500000.0,0.0,0.0,3500000.0,200000.0,8000000.0,7165000.0,72000000.0,10100000.0,12000000.0,14.62,0.0,0.04,0.0,0.0,0.0,0.0,0.04,0.0,0.04,0.0,0.0,0.0,0.0,0.04,0.0358,0.0358,0.0,0.0,200000000.0,200000000.0
1993-12-01,149500000.0,149500000.0,82800000.0,66700000.0,0.0,40500000.0,0.0,0.0,0.0,0.0,2200000.0,0.0,0.0,0.0,0.0,42300000.0,24400000.0,800000.0,0.0,800000.0,0.0,18100000.0,0.0,0.0,0.0,0.0,0.0,0.0,0.0,0.0,25700000.0,0.0,0.0,7600000.0,500000.0,18100000.0,17540000.0,125100000.0,24400000.0,26600000.0,17.79,0.0,0.09,0.0,0.0,0.0,0.0,0.09,0.0,0.09,0.0,0.0,0.0,0.0,0.09,0.0872,0.0872,0.0,0.0,201110000.0,201110000.0
1994-03-01,107200000.0,107200000.0,54200000.0,53000000.0,0.0,-28200000.0,0.0,0.0,0.0,0.0,2400000.0,0.0,0.0,0.0,0.0,36800000.0,16200000.0,1100000.0,0.0,1100000.0,0.0,11200000.0,0.0,0.0,0.0,0.0,0.0,0.0,0.0,0.0,16399999.999999998,0.0,0.0,5200000.0,-900000.0,11200000.0,10450000.0,91000000.0,16200000.0,18600000.0,17.35,0.0,0.06,0.0,0.0,0.0,0.0,0.06,0.0,0.045,0.0,0.0,0.0,0.0,0.045,0.056,0.0419,0.0,0.0,186210000.0,240450000.0
1994-06-01,74200000.0,74200000.0,35800000.0,38400000.0,13800000.0,14800000.0,0.0,0.0,0.0,0.0,2300000.0,0.0,0.0,0.0,0.0,30900000.0,7500000.0,9300000.0,0.0,9300000.0,0.0,11800000.0,0.0,0.0,0.0,0.0,0.0,0.0,0.0,0.0,16900000.0,0.0,0.0,5100000.0,100000.0,11800000.0,5307000.0,66700000.0,7500000.0,9800000.0,13.21,0.0,0.06,0.0,0.0,0.0,0.0,0.06,0.0,0.06,0.0,0.0,0.0,0.0,0.06,0.027,0.027,0.0,0.0,196670000.0,196670000.0
1994-09-01,86300000.0,86300000.0,41800000.0,44500000.0,15900000.0,19400000.0,0.0,0.0,0.0,0.0,2600000.0,0.0,0.0,0.0,0.0,37900000.0,6600000.0,1400000.0,0.0,1400000.0,0.0,6700000.0,0.0,0.0,0.0,0.0,0.0,0.0,0.0,0.0,9300000.0,0.0,0.0,2600000.0,1300000.0,6700000.0,5691000.0,79700000.0,6600000.0,9200000.0,10.66,0.0,0.035,0.0,0.0,0.0,0.0,0.035,0.0,0.035,0.0,0.0,0.0,0.0,0.035,0.0297,0.0297,0.0,0.0,191430000.0,191430000.0
1994-12-01,216700000.0,216700000.0,124200000.0,92500000.0,20800000.0,35600000.0,0.0,0.0,0.0,0.0,2800000.0,0.0,0.0,0.0,0.0,59100000.0,33400000.0,800000.0,0.0,800000.0,0.0,23800000.0,0.0,0.0,0.0,0.0,0.0,0.0,0.0,0.0,34800000.0,0.0,0.0,11000000.0,700000.0,23800000.0,23250000.0,183300000.0,33400000.0,36200000.0,16.71,0.0,0.12,0.0,0.0,0.0,0.0,0.12,0.0,0.12,0.0,0.0,0.0,0.0,0.12,0.1172,0.1172,0.0,0.0,198330000.0,198330000.0
1995-03-01,116100000.0,116100000.0,50900000.0,65200000.0,0.0,95500000.0,0.0,0.0,0.0,0.0,3100000.0,0.0,0.0,0.0,0.0,48000000.0,17200000.0,1800000.0,0.0,1800000.0,0.0,13400000.0,0.0,0.0,0.0,0.0,0.0,0.0,0.0,0.0,19700000.0,0.0,0.0,6300000.0,500000.0,13400000.0,12180000.0,98900000.0,17200000.0,20300000.0,17.48,0.0,0.055,0.0,0.0,0.0,0.0,0.055,0.0,0.055,0.0,0.0,0.0,0.0,0.055,0.0498,0.0498,0.0,0.0,234950000.0,234950000.0
1995-06-01,80000000.0,80000000.0,39600000.0,40400000.0,19300000.0,17900000.0,0.0,0.0,0.0,0.0,3200000.0,0.0,0.0,0.0,0.0,40400000.0,0.0,1200000.0,0.0,1200000.0,0.0,800000.0,0.0,0.0,0.0,0.0,0.0,0.0,0.0,0.0,1200000.0,0.0,0.0,400000.0,0.0,800000.0,0.0,80000000.0,0.0,3200000.0,4.0,0.0,0.005,0.0,0.0,0.0,0.0,0.005,0.0,0.005,0.0,0.0,0.0,0.0,0.005,0.0,0.0,0.0,0.0,160000000.0,160000000.0
1995-09-01,93700000.0,93700000.0,44500000.0,49200000.0,20700000.0,22200000.0,0.0,0.0,0.0,0.0,3700000.0,0.0,0.0,0.0,0.0,46400000.0,2800000.0,1200000.0,0.0,1200000.0,0.0,3000000.0,0.0,0.0,0.0,0.0,0.0,0.0,0.0,0.0,4300000.0,0.0,0.0,1300000.0,300000.0,3000000.0,2163000.0,90900000.0,2800000.0,6500000.0,6.94,0.0,0.015,0.0,0.0,0.0,0.0,0.015,0.0,0.015,0.0,0.0,0.0,0.0,0.015,0.0108,0.0108,0.0,0.0,200000000.0,200000000.0
1995-12-01,239700000.0,239700000.0,123300000.0,116400000.0,30000000.0,41600000.0,0.0,0.0,0.0,0.0,3900000.0,0.0,0.0,0.0,0.0,75300000.0,41100000.0,2500000.0,0.0,2500000.0,0.0,29300000.0,0.0,0.0,0.0,0.0,0.0,0.0,0.0,0.0,43000000.0,0.0,0.0,13700000.0,-600000.0,29300000.0,27600000.0,198600000.0,41100000.0,45000000.0,18.77,0.0,0.135,0.0,0.0,0.0,0.0,0.135,0.0,0.135,0.0,0.0,0.0,0.0,0.135,0.1272,0.1272,0.0,0.0,217040000.0,217040000.0
1996-03-01,118500000.0,118500000.0,50700000.0,67800000.0,0.0,123100000.0,0.0,0.0,0.0,0.0,5100000.0,0.0,0.0,0.0,0.0,58300000.0,9500000.0,1200000.0,0.0,1200000.0,0.0,7300000.0,0.0,0.0,0.0,0.0,0.0,0.0,0.0,0.0,10700000.0,0.0,0.0,3400000.0,0.0,7300000.0,6481000.0,109000000.0,9500000.0,14600000.0,12.32,0.0,0.035,0.0,0.0,0.0,0.0,0.035,0.0,0.035,0.0,0.0,0.0,0.0,0.035,0.0311,0.0311,0.0,0.0,210050000.0,210050000.0
1996-06-01,80600000.0,80600000.0,35000000.0,45600000.0,25300000.0,22100000.0,0.0,0.0,0.0,0.0,4500000.0,0.0,0.0,0.0,0.0,51900000.0,-6300000.0,6100000.0,0.0,6100000.0,0.0,0.0,0.0,0.0,0.0,0.0,0.0,0.0,0.0,0.0,0.0,0.0,0.0,-100000.0,200000.0,200000.0,0.0,86900000.0,-6300000.0,-1800000.0,-2.23,0.0,0.0,0.0,0.0,0.0,0.0,0.0,0.0,0.0,0.0,0.0,0.0,0.0,0.0,0.0,0.0,0.0,0.0,212460000.0,212460000.0
1996-09-01,129300000.00000001,129300000.00000001,59300000.0,70000000.0,28700000.0,30900000.0,0.0,0.0,0.0,0.0,5200000.0,0.0,0.0,0.0,0.0,64800000.0,5200000.0,1900000.0,0.0,1900000.0,0.0,5900000.0,0.0,0.0,0.0,0.0,0.0,0.0,0.0,0.0,8199999.999999999,0.0,0.0,2300000.0,1100000.0,5900000.0,4533000.0,124100000.0,5200000.0,10400000.0,8.04,0.0,0.015,0.0,0.0,0.0,0.0,0.015,0.0,0.015,0.0,0.0,0.0,0.0,0.015,0.0088,0.0088,0.0,0.0,219720000.0,219720000.0
1996-12-01,271100000.0,271100000.0,130100000.0,141000000.0,33800000.0,46000000.0,0.0,0.0,0.0,0.0,5400000.0,0.0,0.0,0.0,0.0,85200000.0,55800000.0,900000.0,0.0,900000.0,0.0,36700000.0,0.0,0.0,0.0,0.0,0.0,0.0,0.0,0.0,56700000.0,0.0,0.0,20000000.0,0.0,36700000.0,36120000.0,215300000.0,55800000.0,61200000.0,22.57,0.0,0.17,0.0,0.0,0.0,0.0,0.17,0.0,0.165,0.0,0.0,0.0,0.0,0.165,0.1673,0.1624,0.0,0.0,215880000.0,222420000.0
1997-03-01,192000000.0,192000000.0,81600000.0,110400000.0,43000000.0,51600000.0,0.0,0.0,0.0,0.0,7900000.0,0.0,0.0,0.0,0.0,102500000.0,7900000.0,4400000.0,0.0,4400000.0,0.0,8700000.0,0.0,0.0,0.0,0.0,0.0,0.0,0.0,0.0,12500000.0,0.0,0.0,3800000.0,0.0,8700000.0,5638000.0,184100000.0,7900000.0,15800000.0,8.23,0.0,0.045,0.0,0.0,0.0,0.0,0.045,0.0,0.04,0.0,0.0,0.0,0.0,0.04,0.0298,0.0263,0.0,0.0,202000000.0,224130000.0
1997-06-01,123700000.0,123700000.0,56300000.0,67400000.0,27700000.0,38500000.0,0.0,0.0,0.0,0.0,6000000.0,0.0,0.0,0.0,0.0,72200000.0,-4800000.0,2600000.0,0.0,2600000.0,0.0,-1500000.0,0.0,0.0,0.0,0.0,0.0,0.0,0.0,0.0,-2300000.0,0.0,0.0,-800000.0,0.0,-1500000.0,-3196000.0,128500000.0,-4800000.0,1200000.0,0.97,0.0,-0.005,0.0,0.0,0.0,0.0,-0.005,0.0,-0.005,0.0,0.0,0.0,0.0,-0.005,-0.0128,-0.0128,0.0,0.0,217290000.0,217290000.0
1997-09-01,189800000.0,189800000.0,95300000.0,94500000.0,36300000.0,42200000.0,0.0,0.0,0.0,0.0,7800000.0,0.0,0.0,0.0,0.0,86800000.0,7700000.0,-7700000.0,0.0,-7700000.0,0.0,0.0,0.0,0.0,0.0,0.0,0.0,0.0,0.0,0.0,0.0,0.0,0.0,0.0,0.0,0.0,0.0,182100000.0,7700000.0,16000000.0,8.43,0.0,0.0,0.0,0.0,0.0,0.0,0.0,0.0,0.0,0.0,0.0,0.0,0.0,0.0,0.0,0.0,0.0,0.0,223160000.0,223160000.0
1997-12-01,391200000.0,391200000.0,204200000.0,187000000.0,45400000.0,62600000.0,0.0,0.0,0.0,0.0,6600000.0,0.0,0.0,0.0,0.0,114600000.0,72400000.0,15100000.0,0.0,15100000.0,0.0,58600000.0,0.0,0.0,0.0,0.0,0.0,0.0,0.0,0.0,87500000.0,0.0,0.0,28900000.0,0.0,58600000.0,48490000.0,318800000.0,72400000.0,79000000.0,20.19,0.0,0.25,0.0,0.0,0.0,0.0,0.25,0.0,0.24,0.0,0.0,0.0,0.0,0.24,0.2069,0.1986,0.0,0.0,234400000.0,244170000.0
1998-03-01,204100000.0,204100000.0,97500000.0,106600000.0,36900000.0,42700000.0,0.0,0.0,0.0,0.0,6500000.0,0.0,0.0,0.0,0.0,86100000.0,20500000.0,2500000.0,0.0,2500000.0,0.0,15400000.0,0.0,0.0,0.0,0.0,0.0,0.0,0.0,0.0,23000000.0,0.0,0.0,7600000.0,0.0,15400000.0,13730000.0,183600000.0,20500000.0,27000000.0,13.23,0.0,0.0625,0.0,0.0,0.0,0.0,0.0625,0.0,0.0625,0.0,0.0,0.0,0.0,0.0625,0.0556,0.0557,0.0,0.0,241460000.0,245120000.0
1998-06-01,178200000.0,178200000.0,80200000.0,98000000.0,36200000.0,49100000.0,0.0,0.0,0.0,0.0,7400000.0,0.0,0.0,0.0,0.0,92700000.0,5300000.0,500000.0,0.0,500000.0,0.0,3700000.0,0.0,0.0,0.0,0.0,0.0,0.0,0.0,0.0,5600000.0,0.0,0.0,1900000.0,-200000.0,3700000.0,3370000.0,172900000.0,5300000.0,12700000.0,7.13,0.0,0.015,0.0,0.0,0.0,0.0,0.015,0.0,0.015,0.0,0.0,0.0,0.0,0.015,0.0137,0.0137,0.0,0.0,246670000.0,246670000.0
1998-09-01,245800000.0,245800000.0,126900000.0,118900000.0,48300000.0,49900000.0,0.0,0.0,0.0,0.0,8300000.000000001,0.0,0.0,0.0,0.0,106500000.0,12400000.0,-38000000.0,0.0,-38000000.0,0.0,-25300000.0,0.0,0.0,0.0,0.0,0.0,0.0,0.0,0.0,-25900000.0,0.0,0.0,-600000.0,-100000.0,-25300000.0,11820000.0,233400000.0,12400000.0,20700000.0,8.42,0.0,-0.105,0.0,0.0,0.0,0.0,-0.105,0.0,-0.105,0.0,0.0,0.0,0.0,-0.105,0.0491,0.0491,0.0,0.0,240950000.0,240950000.0
1998-12-01,520200000.00000006,520200000.00000006,260899999.99999997,259300000.0,61800000.0,79600000.0,0.0,0.0,0.0,0.0,15400000.0,0.0,0.0,0.0,0.0,156800000.0,102500000.0,3900000.0,0.0,3900000.0,0.0,72500000.0,0.0,0.0,0.0,0.0,0.0,0.0,0.0,0.0,106300000.0,0.0,0.0,33800000.0,-100000.0,72500000.0,69840000.0,417700000.0,102500000.0,117900000.0,22.66,0.0,0.3,0.0,0.0,0.0,0.0,0.3,0.0,0.29,0.0,0.0,0.0,0.0,0.29,0.289,0.2794,0.0,0.0,241670000.0,250000000.0
1999-03-01,277800000.0,277800000.0,122900000.0,154900000.0,55700000.0,60400000.0,0.0,0.0,0.0,0.0,9400000.0,0.0,0.0,0.0,0.0,125500000.0,29400000.0,2700000.0,0.0,2700000.0,0.0,21900000.0,0.0,0.0,0.0,0.0,0.0,0.0,0.0,0.0,32100000.0,0.0,0.0,10200000.0,100000.0,21900000.0,20060000.0,248400000.0,29400000.0,38800000.0,13.97,0.0,0.09,0.0,0.0,0.0,0.0,0.09,0.0,0.0825,0.0,0.0,0.0,0.0,0.0825,0.0824,0.0756,0.0,0.0,243400000.0,266010000.0
1999-06-01,186120000.0,186120000.0,78200000.0,107920000.0,47500000.0,51400000.0,0.0,0.0,0.0,0.0,9900000.0,0.0,0.0,0.0,0.0,108800000.0,-880000.0,0.0,0.0,0.0,0.0,2300000.0,0.0,0.0,0.0,0.0,0.0,0.0,0.0,0.0,3400000.0,0.0,0.0,1100000.0,100000.0,2300000.0,2300000.0,187000000.0,-880000.0,9020000.0,4.85,0.0,0.01,0.0,0.0,0.0,0.0,0.01,0.0,0.01,0.0,0.0,0.0,0.0,0.01,0.01,0.01,0.0,0.0,245820000.0,256480000.00000003
1999-09-01,338900000.0,338900000.0,167900000.0,171000000.0,68400000.0,68100000.0,0.0,0.0,0.0,0.0,10800000.0,0.0,0.0,0.0,0.0,147300000.0,23700000.0,0.0,0.0,0.0,0.0,18100000.0,0.0,0.0,0.0,0.0,0.0,0.0,0.0,0.0,26700000.0,0.0,0.0,8600000.0,-100000.0,18100000.0,18100000.0,315200000.0,23700000.0,34500000.0,10.18,0.0,0.075,0.0,0.0,0.0,0.0,0.075,0.0,0.07,0.0,0.0,0.0,0.0,0.07,0.075,0.07,0.0,0.0,249670000.0,262430000.0
1999-12-01,600700000.0,600700000.0,291300000.0,309400000.0,73400000.0,95700000.0,0.0,0.0,0.0,0.0,10700000.0,0.0,0.0,0.0,0.0,179800000.0,129600000.0,0.0,-7700000.0,0.0,0.0,92900000.0,0.0,0.0,0.0,0.0,0.0,0.0,0.0,0.0,134100000.0,0.0,0.0,41200000.0,200000.0,92900000.0,92900000.0,471100000.0,129600000.0,140300000.0,23.36,0.0,0.37,0.0,0.0,0.0,0.0,0.37,0.0,0.345,0.0,0.0,0.0,0.0,0.345,0.37,0.345,0.0,0.0,253300000.0,269910000.0
2000-03-01,294310000.0,294310000.0,131870000.0,162440000.0,73760000.0,65430000.00000001,0.0,0.0,0.0,0.0,15320000.0,0.0,0.0,0.0,0.0,154510000.0,7927000.0,0.0,439000.0,0.0,0.0,3451000.0,0.0,0.0,0.0,0.0,0.0,0.0,0.0,0.0,5193000.0,0.0,0.0,1742000.0,-521000.0,3451000.0,3451000.0,286390000.0,7927000.0,23250000.0,7.9,0.0,0.01,0.0,0.0,0.0,0.0,0.01,0.0,0.01,0.0,0.0,0.0,0.0,0.01,0.01,0.01,0.0,0.0,256600000.00000003,271920000.0
2000-06-01,154800000.0,154800000.0,67540000.0,87260000.0,79210000.0,57400000.0,0.0,0.0,0.0,0.0,15020000.0,0.0,0.0,0.0,0.0,151640000.0,-64379999.99999999,0.0,-4340000.0,0.0,0.0,-42270000.0,0.0,0.0,0.0,0.0,0.0,0.0,0.0,0.0,-61040000.0,0.0,0.0,-18770000.0,-498000.0,-42270000.0,-42270000.0,219180000.0,-64379999.99999999,-49350000.0,-31.88,0.0,-0.1635,0.0,0.0,0.0,0.0,-0.1635,0.0,-0.1635,0.0,0.0,0.0,0.0,-0.1635,-0.1635,-0.1635,0.0,0.0,258550000.0,258550000.0
2000-09-01,219900000.0,219900000.0,106930000.0,112970000.0,92010000.0,64560000.0,0.0,0.0,0.0,0.0,16559999.999999998,0.0,0.0,0.0,0.0,173120000.0,-60150000.0,0.0,8691000.0,0.0,0.0,-38910000.0,0.0,0.0,0.0,0.0,0.0,0.0,0.0,0.0,-56280000.0,0.0,0.0,-17380000.0,-233000.0,-38910000.0,-38910000.0,280050000.0,-60150000.0,-43600000.0,-19.82,0.0,-0.135,0.0,0.0,0.0,0.0,-0.135,0.0,-0.15,0.0,0.0,0.0,0.0,-0.15,-0.135,-0.15,0.0,0.0,261380000.0,262690000.0
2000-12-01,640320000.0,640320000.0,292140000.0,348180000.0,110250000.0,93870000.0,0.0,0.0,0.0,0.0,18690000.0,0.0,0.0,0.0,0.0,222810000.0,125370000.0,0.0,2180000.0,0.0,0.0,87980000.0,0.0,0.0,0.0,0.0,0.0,0.0,0.0,0.0,127680000.0,0.0,0.0,39700000.0,-382000.0,87980000.0,87980000.0,514950000.00000006,125370000.0,144060000.0,22.5,0.0,0.36,0.0,0.0,0.0,0.0,0.36,0.0,0.315,0.0,0.0,0.0,0.0,0.315,0.36,0.315,0.0,0.0,264680000.0,277810000.0
2001-03-01,307260000.0,307260000.0,115970000.0,191290000.0,107460000.0,73550000.0,0.0,0.0,0.0,0.0,19400000.0,0.0,0.0,0.0,0.0,152770000.0,38520000.0,0.0,-12870000.0,0.0,0.0,-17880000.0,0.0,0.0,0.0,0.0,0.0,0.0,0.0,0.0,-25600000.0,0.0,0.0,-7717000.0,-702000.0,-17880000.0,-17880000.0,268740000.0,38520000.0,77230000.0,25.14,0.0,-0.125,0.0,0.0,0.0,0.0,-0.125,0.0,-0.125,0.0,0.0,0.0,0.0,-0.125,-0.125,-0.125,0.0,0.0,315060000.0,315060000.0
2001-06-01,181950000.0,181950000.0,89030000.0,92920000.0,90800000.0,64019999.99999999,0.0,0.0,0.0,0.0,27360000.0,6475000.0,6475000.0,0.0,0.0,161300000.0,-68380000.0,0.0,169000.0,0.0,0.0,-45250000.0,0.0,0.0,0.0,0.0,0.0,0.0,0.0,0.0,-65660000.0,0.0,0.0,-20360000.0,52000.0,-45250000.0,-45250000.0,250330000.0,-68380000.0,-41020000.0,-22.55,0.0,-0.145,0.0,0.0,0.0,0.0,-0.145,0.0,-0.165,0.0,0.0,0.0,0.0,-0.165,-0.145,-0.165,0.0,0.0,271460000.0,272760000.0
2001-09-01,240160000.0,240160000.0,117760000.0,122400000.0,97560000.0,70420000.0,0.0,0.0,0.0,0.0,27940000.0,6475000.0,6475000.0,0.0,0.0,174450000.0,-52060000.0,0.0,-14000.0,0.0,0.0,-32820000.0,0.0,0.0,0.0,0.0,0.0,0.0,0.0,0.0,-48000000.0,0.0,0.0,-14880000.0,294000.0,-32820000.0,-32820000.0,292210000.0,-52060000.0,-24120000.0,-10.04,0.0,-0.1,0.0,0.0,0.0,0.0,-0.1,0.0,-0.12,0.0,0.0,0.0,0.0,-0.12,-0.1,-0.12,0.0,0.0,273300000.0,274610000.0
2001-12-01,832880000.0,832880000.0,400850000.0,432020000.0,97410000.0,125710000.0,0.0,0.0,0.0,0.0,28260000.0,6359000.0,6359000.0,0.0,0.0,229470000.0,202550000.0,-14050000.0,1143000.0,-14050000.0,0.0,132289999.99999999,0.0,0.0,0.0,0.0,0.0,0.0,0.0,0.0,192020000.0,0.0,0.0,59520000.0,-199000.0,132289999.99999999,141990000.0,630330000.0,202550000.0,230810000.0,27.71,0.0,0.505,0.0,0.0,0.0,0.0,0.505,0.0,0.46,0.0,0.0,0.0,0.0,0.46,0.5404,0.4938,0.0,0.0,274210000.0,286800000.0
2002-03-01,469690000.0,469690000.0,199970000.0,269720000.0,101970000.0,88020000.0,0.0,0.0,0.0,0.0,27350000.0,6109000.0,6109000.0,0.0,0.0,196100000.0,73620000.0,-6252000.0,-3319000.0,-6252000.0,0.0,47300000.0,0.0,0.0,0.0,0.0,0.0,0.0,0.0,0.0,69930000.0,0.0,0.0,21680000.0,-956000.0,47300000.0,51610000.0,396070000.0,73620000.0,100980000.0,21.5,0.0,0.19,0.0,0.0,0.0,0.0,0.19,0.0,0.165,0.0,0.0,0.0,0.0,0.165,0.2056,0.18,0.0,0.0,275910000.0,288050000.0
2002-06-01,331900000.0,331900000.0,141360000.0,190530000.0,90970000.0,91040000.0,0.0,0.0,0.0,0.0,24310000.0,2245000.0,2245000.0,0.0,20000.0,184270000.0,6262000.0,0.0,9225000.0,0.0,0.0,7404000.0,0.0,0.0,0.0,0.0,0.0,0.0,0.0,0.0,9429000.0,0.0,0.0,2923000.0,898000.0,7404000.0,7404000.0,325640000.0,6262000.0,30570000.0,9.21,0.0,0.035,0.0,0.0,0.0,0.0,0.035,0.0,0.025,0.0,0.0,0.0,0.0,0.025,0.035,0.025,0.0,0.0,277500000.0,290440000.0
2002-09-01,453490000.0,453490000.0,198890000.0,254600000.0,98140000.0,82970000.0,0.0,0.0,0.0,0.0,25070000.0,2246000.0,2246000.0,0.0,0.0,183350000.0,71250000.0,0.0,1629000.0,0.0,0.0,50230000.0,0.0,0.0,0.0,0.0,0.0,0.0,0.0,0.0,72420000.0,0.0,0.0,22450000.0,262000.0,50230000.0,50230000.0,382240000.0,71250000.0,96310000.0,21.24,0.0,0.19,0.0,0.0,0.0,0.0,0.19,0.0,0.17,0.0,0.0,0.0,0.0,0.17,0.19,0.17,0.0,0.0,279690000.0,293240000.0
2002-12-01,1234000000.0,1234000000.0,565110000.0,668620000.0,106130000.0,181740000.0,0.0,0.0,0.0,0.0,24960000.0,2245000.0,2245000.0,0.0,0.0,290110000.0,378500000.0,-9378000.0,2346000.0,-9378000.0,0.0,250220000.0,0.0,0.0,0.0,0.0,0.0,0.0,0.0,0.0,364680000.0,0.0,0.0,113050000.0,-1413000.0,250220000.0,256690000.0,855220000.0,378500000.0,403460000.0,32.7,0.0,0.895,0.0,0.0,0.0,0.0,0.895,0.0,0.845,0.0,0.0,0.0,0.0,0.845,0.9178,0.8669,0.0,0.0,283780000.0,296050000.0
2003-03-01,462890000.0,462890000.0,164570000.0,298320000.0,108830000.0,107250000.0,0.0,0.0,0.0,0.0,17670000.0,264000.0,264000.0,0.0,0.0,283350000.0,14970000.0,-71620000.0,3524000.0,-71620000.0,0.0,9143000.0,0.0,0.0,0.0,0.0,0.0,0.0,0.0,0.0,14460000.0,0.0,0.0,4574000.0,-747000.0,9143000.0,58120000.0,447920000.0,14970000.0,32640000.0,7.05,0.0,0.04,0.0,0.0,0.0,0.0,0.04,0.0,0.03,0.0,0.0,0.0,0.0,0.03,0.2107,0.1984,0.0,0.0,286840000.0,290840000.0
2003-06-01,353380000.0,353380000.0,149960000.0,203420000.0,91120000.0,89840000.0,0.0,0.0,0.0,0.0,13220000.0,680000.0,680000.0,0.0,0.0,181650000.0,21770000.0,0.0,11540000.0,0.0,0.0,18370000.0,0.0,0.0,0.0,0.0,0.0,0.0,0.0,0.0,26620000.0,0.0,0.0,8253000.0,0.0,18370000.0,18370000.0,331610000.0,21770000.0,35000000.0,9.9,0.0,0.065,0.0,0.0,0.0,0.0,0.065,0.0,0.06,0.0,0.0,0.0,0.0,0.06,0.065,0.06,0.0,0.0,289910000.0,299630000.0
2003-09-01,530000000.0,530000000.0,213760000.0,316240000.0,113490000.0,100070000.0,0.0,0.0,0.0,0.0,17620000.0,810000.0,810000.0,0.0,0.0,214380000.0,101870000.0,0.0,-637000.0,0.0,0.0,76590000.0,0.0,0.0,0.0,0.0,0.0,0.0,0.0,0.0,111000000.0,0.0,0.0,34410000.0,0.0,76590000.0,76590000.0,428140000.0,101870000.0,119490000.0,22.55,0.0,0.26,0.0,0.0,0.0,0.0,0.26,0.0,0.25,0.0,0.0,0.0,0.0,0.25,0.26,0.25,0.0,0.0,294840000.0,307780000.0
2003-12-01,1475000000.0,1475000000.0,513260000.0,962070000.0,151180000.0,252170000.0,0.0,0.0,0.0,0.0,29070000.0,623000.0,623000.0,0.0,0.0,403960000.0,558100000.0,-596000.0,4891000.0,-596000.0,0.0,392300000.0,0.0,0.0,0.0,0.0,0.0,0.0,0.0,0.0,558460000.0,0.0,0.0,166160000.0,0.0,392300000.0,392710000.0,917220000.0,558100000.0,587170000.0,39.8,0.0,1.32,0.0,0.0,0.0,0.0,1.32,0.0,1.26,0.0,0.0,0.0,0.0,1.26,1.321,1.261,0.0,0.0,297790000.0,311460000.0
2004-03-01,598290000.0,598290000.0,226020000.0,372270000.0,155210000.0,112920000.0,0.0,0.0,0.0,0.0,18080000.0,887000.0,887000.0,0.0,0.0,269010000.0,103260000.0,-8404000.0,2211000.0,-8404000.0,0.0,89750000.0,0.0,0.0,0.0,0.0,0.0,0.0,0.0,0.0,100930000.0,0.0,0.0,11180000.0,0.0,89750000.0,97220000.0,495030000.0,103260000.0,121340000.0,20.28,0.0,0.29,0.0,0.0,0.0,0.0,0.29,0.0,0.28,0.0,0.0,0.0,0.0,0.28,0.3151,0.304,0.0,0.0,298000000.0,311790000.0
2004-06-01,431640000.0,431640000.0,176760000.0,254890000.0,130639999.99999999,98270000.0,0.0,0.0,0.0,0.0,16210000.0,622000.0,622000.0,0.0,0.0,229540000.0,25350000.0,-388000.0,-12790000.0,-388000.0,0.0,24220000.0,0.0,0.0,0.0,0.0,0.0,0.0,0.0,0.0,34120000.0,0.0,0.0,9894000.0,0.0,24220000.0,24500000.0,406290000.0,25350000.0,41560000.0,9.63,0.0,0.08,0.0,0.0,0.0,0.0,0.08,0.0,0.08,0.0,0.0,0.0,0.0,0.08,0.0809,0.0809,0.0,0.0,302240000.0,315580000.0
2004-09-01,715730000.0,715730000.0,283910000.0,431820000.0,156840000.0,149560000.0,0.0,0.0,0.0,0.0,16960000.0,623000.0,623000.0,0.0,0.0,307020000.0,124790000.0,0.0,9260000.0,0.0,0.0,97250000.0,0.0,0.0,0.0,0.0,0.0,0.0,0.0,0.0,136980000.0,0.0,0.0,39720000.0,0.0,97250000.0,97250000.0,590930000.0,124790000.0,141750000.0,19.81,0.0,0.32,0.0,0.0,0.0,0.0,0.32,0.0,0.31,0.0,0.0,0.0,0.0,0.31,0.32,0.31,0.0,0.0,304080000.0,316050000.0
2004-12-01,1428000000.0,1428000000.0,503000000.0,925000000.0,185000000.0,210000000.0,0.0,0.0,0.0,0.0,19830000.0,1000000.0,1000000.0,0.0,1000000.0,397000000.0,528000000.0,-9000000.0,7253000.0,-9000000.0,0.0,375000000.0,0.0,0.0,0.0,0.0,0.0,0.0,0.0,0.0,542000000.0,0.0,0.0,167000000.0,0.0,375000000.0,381230000.0,900000000.0,528000000.0,547830000.0,38.36,0.0,1.23,0.0,0.0,0.0,0.0,1.23,0.0,1.18,0.0,0.0,0.0,0.0,1.18,1.25,1.2,0.0,0.0,306000000.0,317000000.0
2005-03-01,554000000.0,554000000.0,234000000.0,320000000.0,160000000.0,154000000.0,0.0,0.0,0.0,0.0,22000000.0,1000000.0,1000000.0,0.0,0.0,314000000.0,6000000.0,-6000000.0,32280000.0,-6000000.0,0.0,7000000.0,0.0,0.0,0.0,0.0,0.0,0.0,0.0,0.0,12000000.0,0.0,0.0,5000000.0,0.0,7000000.0,10600000.0,548000000.0,6000000.0,28000000.0,5.05,0.0,0.02,0.0,0.0,0.0,0.0,0.02,0.0,0.02,0.0,0.0,0.0,0.0,0.02,0.0317,0.0311,0.0,0.0,308000000.0,324000000.0
2005-06-01,365000000.0,365000000.0,151000000.0,214000000.0,183000000.0,126000000.0,0.0,0.0,0.0,0.0,23000000.0,1000000.0,1000000.0,0.0,0.0,310000000.0,-96000000.0,0.0,40000000.0,0.0,0.0,-58000000.0,0.0,0.0,0.0,0.0,0.0,0.0,0.0,0.0,-79000000.0,0.0,0.0,-23000000.0,-2000000.0,-58000000.0,-58000000.0,461000000.0,-96000000.0,-73000000.0,-20.0,0.0,-0.19,0.0,0.0,0.0,0.0,-0.19,0.0,-0.19,0.0,0.0,0.0,0.0,-0.19,-0.19,-0.19,0.0,0.0,308000000.0,308000000.0
2005-09-01,675000000.0,675000000.0,284000000.0,391000000.0,182000000.0,159000000.0,0.0,0.0,0.0,0.0,23000000.0,1000000.0,1000000.0,0.0,0.0,342000000.0,49000000.0,0.0,10000000.0,0.0,0.0,51000000.0,0.0,0.0,0.0,0.0,0.0,0.0,0.0,0.0,62000000.0,0.0,0.0,9000000.0,-2000000.0,51000000.0,51000000.0,626000000.0,49000000.0,72000000.0,10.67,0.0,0.17,0.0,0.0,0.0,0.0,0.17,0.0,0.16,0.0,0.0,0.0,0.0,0.16,0.17,0.16,0.0,0.0,302000000.0,314000000.0
2005-12-01,1270000000.0,1270000000.0,502000000.0,768000000.0,206000000.0,205000000.0,0.0,0.0,0.0,0.0,22000000.0,1000000.0,1000000.0,0.0,0.0,412000000.0,356000000.0,-9000000.0,-19000000.0,-9000000.0,0.0,259000000.0,0.0,0.0,0.0,0.0,0.0,0.0,0.0,0.0,367000000.0,0.0,0.0,106000000.0,0.0,259000000.0,265399999.99999997,914000000.0,356000000.0,378000000.0,29.76,0.0,0.86,0.0,0.0,0.0,0.0,0.86,0.0,0.83,0.0,0.0,0.0,0.0,0.83,0.8813,0.8506,0.0,0.0,301000000.0,311000000.0
2006-03-01,641000000.0,641000000.0,244000000.0,397000000.0,187000000.0,157000000.0,0.0,0.0,0.0,0.0,27000000.0,4000000.0,4000000.0,0.0,0.0,348000000.0,49000000.0,-25000000.0,-4000000.0,-25000000.0,0.0,-16000000.0,0.0,0.0,0.0,0.0,0.0,0.0,0.0,0.0,39000000.0,0.0,0.0,54000000.0,-1000000.0,-16000000.0,-1000000.0,592000000.0,49000000.0,76000000.0,11.86,0.0,-0.05,0.0,0.0,0.0,0.0,-0.05,0.0,-0.05,0.0,0.0,0.0,0.0,-0.05,-0.0007,-0.0018,0.0,0.0,304000000.0,311000000.0
2006-06-01,413000000.0,413000000.0,168000000.0,245000000.0,216000000.0,136000000.0,0.0,0.0,0.0,0.0,35000000.0,6000000.0,6000000.0,0.0,0.0,358000000.0,-113000000.0,-6000000.0,24000000.0,-6000000.0,0.0,-81000000.0,0.0,0.0,0.0,0.0,0.0,0.0,0.0,0.0,-98000000.0,0.0,0.0,-17000000.0,0.0,-81000000.0,-76040000.0,526000000.0,-113000000.0,-78000000.0,-18.89,0.0,-0.26,0.0,0.0,0.0,0.0,-0.26,0.0,-0.26,0.0,0.0,0.0,0.0,-0.26,-0.2438,-0.2438,0.0,0.0,306000000.0,306000000.0
2006-09-01,784000000.0,784000000.0,339000000.0,445000000.0,238000000.0,180000000.0,0.0,0.0,0.0,0.0,37000000.0,7000000.0,7000000.0,0.0,0.0,425000000.0,20000000.0,-6000000.0,50000000.0,-6000000.0,0.0,22000000.0,0.0,0.0,0.0,0.0,0.0,0.0,0.0,0.0,38000000.0,0.0,0.0,16000000.0,0.0,22000000.0,25600000.0,764000000.0,20000000.0,57000000.0,7.27,0.0,0.07,0.0,0.0,0.0,0.0,0.07,0.0,0.07,0.0,0.0,0.0,0.0,0.07,0.0817,0.0814,0.0,0.0,307000000.0,315000000.0
2006-12-01,1281000000.0,1281000000.0,470000000.0,811000000.0,330000000.0,256000000.0,0.0,0.0,0.0,0.0,38000000.0,7000000.0,7000000.0,0.0,0.0,593000000.0,218000000.0,-3000000.0,31000000.0,-3000000.0,0.0,160000000.0,0.0,0.0,0.0,0.0,0.0,0.0,0.0,0.0,240000000.0,0.0,0.0,84000000.0,4000000.0,160000000.0,161950000.0,1063000000.0,218000000.0,256000000.0,19.98,0.0,0.52,0.0,0.0,0.0,0.0,0.52,0.0,0.5,0.0,0.0,0.0,0.0,0.5,0.5263,0.5061,0.0,0.0,309000000.0,319000000.0
2007-03-01,613000000.0,613000000.0,235000000.0,378000000.0,258000000.0,182000000.0,0.0,0.0,0.0,0.0,37000000.0,7000000.0,7000000.0,0.0,0.0,447000000.0,-69000000.0,-8000000.0,106000000.0,-8000000.0,0.0,-25000000.0,0.0,0.0,0.0,0.0,0.0,0.0,0.0,0.0,-42000000.0,0.0,0.0,-17000000.0,0.0,-25000000.0,-20200000.0,682000000.0,-69000000.0,-32000000.0,-5.22,0.0,-0.08,0.0,0.0,0.0,0.0,-0.08,0.0,-0.08,0.0,0.0,0.0,0.0,-0.08,-0.0646,-0.065,0.0,0.0,311000000.0,320000000.0
2007-06-01,395000000.0,395000000.0,166000000.0,229000000.0,250000000.0,153000000.0,0.0,0.0,0.0,0.0,36000000.0,7000000.0,7000000.0,0.0,0.0,410000000.0,-181000000.0,-2000000.0,67000000.0,-2000000.0,0.0,-132000000.0,0.0,0.0,0.0,0.0,0.0,0.0,0.0,0.0,-156000000.0,0.0,0.0,-24000000.0,0.0,-132000000.0,-130310000.0,576000000.0,-181000000.0,-145000000.0,-36.71,0.0,-0.42,0.0,0.0,0.0,0.0,-0.42,0.0,-0.42,0.0,0.0,0.0,0.0,-0.42,-0.4146,-0.4146,0.0,0.0,311000000.0,311000000.0
2007-09-01,640000000.0,640000000.0,395000000.0,245000000.0,259000000.0,248000000.0,0.0,0.0,0.0,0.0,37000000.0,7000000.0,7000000.0,0.0,0.0,514000000.0,-269000000.0,-5000000.0,91000000.0,-5000000.0,0.0,-195000000.0,0.0,0.0,0.0,0.0,0.0,0.0,0.0,0.0,-242000000.0,0.0,0.0,-47000000.0,0.0,-195000000.0,-190970000.0,909000000.0,-269000000.0,-232000000.0,-36.25,0.0,-0.62,0.0,0.0,0.0,0.0,-0.62,0.0,-0.62,0.0,0.0,0.0,0.0,-0.62,-0.6071,-0.6071,0.0,0.0,313000000.0,313000000.0
2007-12-01,1503000000.0,1503000000.0,782000000.0,721000000.0,321000000.0,308000000.0,0.0,0.0,0.0,0.0,42000000.0,7000000.0,7000000.0,0.0,0.0,636000000.0,85000000.0,-78000000.0,141000000.0,-78000000.0,0.0,-33000000.0,0.0,0.0,0.0,0.0,0.0,0.0,0.0,0.0,27000000.0,0.0,0.0,60000000.0,0.0,-33000000.0,17700000.0,1418000000.0,85000000.0,127000000.0,8.45,0.0,-0.1,0.0,0.0,0.0,0.0,-0.1,0.0,-0.1,0.0,0.0,0.0,0.0,-0.1,0.061,0.061,0.0,0.0,315000000.0,315000000.0
2008-03-01,1128000000.0,1128000000.0,463000000.0,665000000.0,316000000.0,218000000.0,0.0,0.0,0.0,0.0,49000000.0,13000000.0,13000000.0,0.0,0.0,547000000.0,118000000.0,-278000000.0,-9000000.0,-278000000.0,0.0,-93000000.0,0.0,0.0,0.0,0.0,0.0,0.0,0.0,0.0,-136000000.0,0.0,0.0,-43000000.0,0.0,-93000000.0,97100000.0,1010000000.0,118000000.0,167000000.0,14.8,0.0,-0.3,0.0,0.0,0.0,0.0,-0.3,0.0,-0.3,0.0,0.0,0.0,0.0,-0.3,0.2997,0.2997,0.0,0.0,317000000.0,317000000.0
2008-06-01,804000000.0,804000000.0,296000000.0,508000000.0,356000000.0,212000000.0,84000000.0,128000000.0,0.0,0.0,50000000.0,15000000.0,15000000.0,0.0,0.0,583000000.0,-75000000.0,-28000000.0,3000000.0,-28000000.0,15000000.0,-95000000.0,0.0,0.0,0.0,0.0,0.0,0.0,0.0,15000000.0,-88000000.0,0.0,0.0,7000000.0,0.0,-95000000.0,-76800000.0,879000000.0,-75000000.0,-25000000.0,-3.11,0.0,-0.3,0.0,0.0,0.0,0.0,-0.3,0.0,-0.3,0.0,0.0,0.0,0.0,-0.3,-0.2428,-0.2428,0.0,0.0,318000000.0,318000000.0
2008-09-01,894000000.0,894000000.0,557000000.0,337000000.0,372000000.0,289000000.0,92000000.0,197000000.0,0.0,0.0,54000000.0,16000000.0,16000000.0,0.0,0.0,677000000.0,-340000000.0,-58000000.0,-79000000.0,-58000000.0,7000000.0,-310000000.0,0.0,0.0,0.0,0.0,0.0,0.0,0.0,7000000.0,-391000000.0,0.0,0.0,-81000000.0,0.0,-310000000.0,-264019999.99999997,1234000000.0,-340000000.0,-286000000.0,-31.99,0.0,-0.97,0.0,0.0,0.0,0.0,-0.97,0.0,-0.97,0.0,0.0,0.0,0.0,-0.97,-0.8258,-0.8258,0.0,0.0,319000000.0,319000000.0
2008-12-01,1654000000.0,1654000000.0,925000000.0,729000000.0,299000000.0,332000000.0,82000000.0,250000000.0,0.0,0.0,48000000.0,15000000.0,15000000.0,0.0,0.0,646000000.0,83000000.0,-414000000.0,-374000000.0,-414000000.0,14000000.0,-641000000.0,0.0,0.0,0.0,0.0,0.0,0.0,0.0,14000000.0,-317000000.0,0.0,0.0,324000000.0,0.0,-641000000.0,-371900000.0,1571000000.0,83000000.0,131000000.0,7.92,0.0,-2.0,0.0,0.0,0.0,0.0,-2.0,0.0,-2.0,0.0,0.0,0.0,0.0,-2.0,-1.162,-1.162,0.0,0.0,321000000.0,321000000.0
2009-03-01,860000000.0,860000000.0,349000000.0,511000000.0,332000000.0,190000000.0,74000000.0,116000000.0,0.0,0.0,46000000.0,12000000.0,12000000.0,0.0,0.0,534000000.0,-23000000.0,-48000000.0,55000000.0,-48000000.0,12000000.0,-42000000.0,0.0,0.0,0.0,0.0,0.0,0.0,0.0,12000000.0,-59000000.0,0.0,0.0,-17000000.0,0.0,-42000000.0,-7831000.0,883000000.0,-23000000.0,23000000.0,2.67,0.0,-0.12,0.0,0.0,0.0,0.0,-0.12,0.0,-0.12,0.0,0.0,0.0,0.0,-0.12,-0.0142,-0.0142,0.0,0.0,323000000.0,323000000.0
2009-06-01,644000000.0,644000000.0,321000000.0,323000000.0,312000000.0,230000000.0,66000000.0,164000000.0,0.0,0.0,48000000.0,12000000.0,12000000.0,0.0,0.0,554000000.0,-231000000.0,-30000000.0,125000000.0,-30000000.0,3000000.0,-234000000.0,0.0,0.0,0.0,0.0,0.0,0.0,0.0,3000000.0,-258000000.0,0.0,0.0,-24000000.0,0.0,-234000000.0,-206790000.0,875000000.0,-231000000.0,-183000000.0,-28.42,0.0,-0.72,0.0,0.0,0.0,0.0,-0.72,0.0,-0.72,0.0,0.0,0.0,0.0,-0.72,-0.6358,-0.6358,0.0,0.0,323000000.0,323000000.0
2009-09-01,788000000.0,788000000.0,593000000.0,195000000.0,316000000.0,278000000.0,91000000.0,187000000.0,0.0,0.0,46000000.0,12000000.0,12000000.0,0.0,0.0,606000000.0,-411000000.0,-14000000.0,-17000000.0,-14000000.0,7000000.0,-391000000.0,0.0,0.0,0.0,0.0,0.0,0.0,0.0,7000000.0,-418000000.0,0.0,0.0,-27000000.0,0.0,-391000000.0,-377900000.0,1199000000.0,-411000000.0,-365000000.0,-46.32,0.0,-1.21,0.0,0.0,0.0,0.0,-1.21,0.0,-1.21,0.0,0.0,0.0,0.0,-1.21,-1.17,-1.17,0.0,0.0,324000000.0,324000000.0
2009-12-01,1243000000.0,1243000000.0,654000000.0,589000000.0,290000000.0,292000000.0,84000000.0,208000000.0,0.0,0.0,48000000.0,14000000.0,14000000.0,0.0,0.0,596000000.0,-7000000.0,-101000000.0,-59000000.0,-101000000.0,-2000000.0,-82000000.0,0.0,0.0,0.0,2000000.0,0.0,0.0,0.0,-2000000.0,-110000000.0,0.0,0.0,-28000000.0,0.0,-82000000.0,-6709000.0,1250000000.0,-7000000.0,41000000.0,3.3,0.0,-0.25,0.0,0.0,0.0,0.0,-0.25,0.0,-0.25,0.0,0.0,0.0,0.0,-0.25,-0.0183,-0.0183,0.0,0.0,325000000.0,325000000.0
2010-03-01,979000000.0,979000000.0,298000000.0,681000000.0,311000000.0,250000000.0,79000000.0,171000000.0,0.0,0.0,50000000.0,15000000.0,15000000.0,0.0,0.0,576000000.0,105000000.0,-23000000.0,-10000000.0,-23000000.0,-2000000.0,30000000.0,0.0,0.0,0.0,2000000.0,0.0,0.0,0.0,-2000000.0,80000000.0,0.0,0.0,50000000.0,0.0,30000000.0,44950000.0,874000000.0,105000000.0,155000000.0,15.83,0.0,0.1,0.0,0.0,0.0,0.0,0.1,0.0,0.1,0.0,0.0,0.0,0.0,0.1,0.1456,0.1456,0.0,0.0,328000000.0,328000000.0
2010-06-01,815000000.0,815000000.0,222000000.0,593000000.0,275000000.0,201000000.0,74000000.0,127000000.0,0.0,0.0,48000000.0,15000000.0,15000000.0,0.0,0.0,491000000.0,102000000.0,-9000000.0,-115000000.0,-4000000.0,0.0,96000000.0,0.0,0.0,0.0,0.0,0.0,0.0,0.0,0.0,93000000.0,0.0,0.0,-3000000.0,0.0,96000000.0,101850000.0,713000000.0,102000000.0,150000000.0,18.4,0.0,0.29,0.0,0.0,0.0,0.0,0.29,0.0,0.29,0.0,0.0,0.0,0.0,0.29,0.3078,0.3076,0.0,0.0,328000000.0,332000000.0
2010-09-01,631000000.0,631000000.0,363000000.0,268000000.0,277000000.0,250000000.0,77000000.0,173000000.0,0.0,0.0,46000000.0,15000000.0,15000000.0,0.0,0.0,542000000.0,-274000000.0,50000000.0,31000000.0,22000000.0,6000000.0,-201000000.0,0.0,0.0,0.0,0.0,0.0,6000000.0,0.0,6000000.0,-218000000.0,0.0,0.0,-17000000.0,0.0,-201000000.0,-247100000.0,905000000.0,-218000000.0,-172000000.0,-27.26,0.0,-0.61,0.0,0.0,0.0,0.0,-0.61,0.0,-0.61,0.0,0.0,0.0,0.0,-0.61,-0.7501,-0.7501,0.0,0.0,329000000.0,329000000.0
2010-12-01,1052999999.9999999,1052999999.9999999,586000000.0,467000000.0,273000000.0,328000000.0,75000000.0,253000000.0,0.0,0.0,44000000.0,14000000.0,14000000.0,0.0,1000000.0,616000000.0,-149000000.0,-154000000.0,11000000.0,-154000000.0,0.0,-322000000.0,0.0,0.0,0.0,0.0,0.0,0.0,0.0,0.0,-303000000.0,0.0,0.0,19000000.0,0.0,-322000000.0,-221900000.0,1202000000.0,-303000000.0,-259000000.0,-24.6,0.0,-0.97,0.0,0.0,0.0,0.0,-0.97,0.0,-0.97,0.0,0.0,0.0,0.0,-0.97,-0.6685,-0.6685,0.0,0.0,332000000.0,332000000.0
2011-03-01,1090000000.0,1090000000.0,328000000.0,762000000.0,299000000.0,298000000.0,70000000.0,228000000.0,0.0,0.0,42000000.0,13000000.0,13000000.0,0.0,0.0,635000000.0,127000000.0,20000000.0,64000000.0,18000000.0,2000000.0,151000000.0,0.0,0.0,0.0,0.0,0.0,3000000.0,1000000.0,2000000.0,149000000.0,0.0,0.0,-2000000.0,0.0,151000000.0,139300000.0,963000000.0,150000000.0,192000000.0,17.61,0.0,0.45,0.0,0.0,0.0,0.0,0.45,0.0,0.45,0.0,0.0,0.0,0.0,0.45,0.4145,0.4145,0.0,0.0,330000000.0,330000000.0
2011-06-01,999000000.0,999000000.0,240000000.0,759000000.0,285000000.0,214000000.0,74000000.0,140000000.0,0.0,0.0,43000000.0,13000000.0,13000000.0,0.0,0.0,512000000.0,247000000.0,-20000000.0,21000000.0,-20000000.0,3000000.0,221000000.0,0.0,0.0,0.0,0.0,0.0,3000000.0,0.0,3000000.0,230000000.0,0.0,0.0,9000000.0,0.0,221000000.0,240220000.0,752000000.0,230000000.0,273000000.0,27.33,0.0,0.67,0.0,0.0,0.0,0.0,0.67,0.0,0.66,0.0,0.0,0.0,0.0,0.66,0.7281,0.717,0.0,0.0,331000000.0,337000000.0
2011-09-01,715000000.0,715000000.0,432000000.0,283000000.0,318000000.0,310000000.0,88000000.0,222000000.0,0.0,0.0,51000000.0,13000000.0,13000000.0,0.0,0.0,641000000.0,-358000000.0,-16000000.0,18000000.0,-16000000.0,-6000000.0,-340000000.0,0.0,0.0,0.0,6000000.0,0.0,0.0,6000000.0,-6000000.0,-380000000.0,0.0,0.0,-40000000.0,0.0,-340000000.0,-325680000.0,1073000000.0,-374000000.0,-323000000.0,-45.17,0.0,-1.03,0.0,0.0,0.0,0.0,-1.03,0.0,-1.03,0.0,0.0,0.0,0.0,-1.03,-0.9867,-0.9867,0.0,0.0,331000000.0,331000000.0
2011-12-01,1061000000.0,1061000000.0,552000000.0,509000000.0,325000000.0,367000000.0,98000000.0,269000000.0,0.0,0.0,54000000.0,11000000.0,11000000.0,0.0,0.0,703000000.0,-194000000.0,8000000.0,-68000000.0,11000000.0,-7000000.0,-205000000.0,0.0,0.0,0.0,7000000.0,0.0,0.0,7000000.0,-7000000.0,-193000000.0,0.0,0.0,12000000.0,0.0,-205000000.0,-212150000.0,1255000000.0,-186000000.0,-132000000.0,-12.44,0.0,-0.62,0.0,0.0,0.0,0.0,-0.62,0.0,-0.62,0.0,0.0,0.0,0.0,-0.62,-0.6415,-0.6415,0.0,0.0,332000000.0,332000000.0
2012-03-01,1368000000.0,1368000000.0,374000000.0,994000000.0,252000000.0,369000000.0,117000000.0,252000000.0,0.0,0.0,68000000.0,6000000.0,6000000.0,0.0,0.0,627000000.0,367000000.0,-8000000.0,-17000000.0,-2000000.0,2000000.0,400000000.0,0.0,0.0,0.0,0.0,0.0,0.0,8000000.0,2000000.0,361000000.0,0.0,0.0,-39000000.0,0.0,400000000.0,406500000.0,1000999999.9999999,369000000.0,437000000.0,31.94,0.0,1.21,0.0,0.0,0.0,0.0,1.21,0.0,1.21,0.0,0.0,0.0,0.0,1.21,1.23,1.229,0.0,0.0,331000000.0,351000000.0
2012-06-01,955000000.0,955000000.0,205000000.0,750000000.0,282000000.0,239000000.0,88000000.0,151000000.0,0.0,0.0,56000000.0,7000000.0,7000000.0,0.0,0.0,528000000.0,222000000.0,-5000000.0,-58000000.0,-7000000.0,-7000000.0,201000000.0,0.0,0.0,0.0,7000000.0,0.0,0.0,6000000.0,-7000000.0,210000000.0,0.0,0.0,9000000.0,0.0,201000000.0,207700000.0,733000000.0,216000000.0,272000000.0,28.48,0.0,0.63,0.0,0.0,0.0,0.0,0.63,0.0,0.63,0.0,0.0,0.0,0.0,0.63,0.6511,0.6509,0.0,0.0,317000000.0,320000000.0
2012-09-01,711000000.0,711000000.0,445000000.0,266000000.0,306000000.0,319000000.0,100000000.0,219000000.0,0.0,0.0,56000000.0,7000000.0,7000000.0,0.0,0.0,632000000.0,-366000000.0,5000000.0,34000000.0,2000000.0,-7000000.0,-381000000.0,0.0,0.0,0.0,7000000.0,0.0,0.0,6000000.0,-7000000.0,-368000000.0,0.0,0.0,13000000.0,0.0,-381000000.0,-382300000.0,1077000000.0,-362000000.0,-306000000.0,-43.04,0.0,-1.21,0.0,0.0,0.0,0.0,-1.21,0.0,-1.21,0.0,0.0,0.0,0.0,-1.21,-1.214,-1.214,0.0,0.0,316000000.0,316000000.0
2012-12-01,922000000.0,922000000.0,429000000.0,493000000.0,278000000.0,290000000.0,70000000.0,220000000.0,0.0,0.0,66000000.0,7000000.0,7000000.0,0.0,0.0,575000000.0,-82000000.0,56000000.0,-30000000.0,43000000.0,-7000000.0,-45000000.0,0.0,0.0,0.0,7000000.0,0.0,0.0,7000000.0,-7000000.0,-33000000.0,0.0,0.0,12000000.0,0.0,-45000000.0,-82050000.0,1004000000.0,-26000000.0,40000000.0,4.34,0.0,-0.15,0.0,0.0,0.0,0.0,-0.15,0.0,-0.15,0.0,0.0,0.0,0.0,-0.15,-0.2719,-0.2719,0.0,0.0,304000000.0,304000000.0
2013-03-01,1209000000.0,1209000000.0,309000000.0,900000000.0,287000000.0,294000000.0,96000000.0,198000000.0,0.0,0.0,86000000.0,9000000.0,9000000.0,0.0,0.0,590000000.0,310000000.0,22000000.0,-50000000.0,-1000000.0,-2000000.0,323000000.0,0.0,0.0,0.0,2000000.0,0.0,0.0,10000000.0,-2000000.0,330000000.0,0.0,0.0,7000000.0,0.0,323000000.0,299510000.0,899000000.0,340000000.0,426000000.0,35.24,0.0,1.07,0.0,0.0,0.0,0.0,1.07,0.0,1.05,0.0,0.0,0.0,0.0,1.05,0.992,0.9749,0.0,0.0,301000000.0,313000000.0
2013-06-01,949000000.0,949000000.0,194000000.0,755000000.0,278000000.0,232000000.0,85000000.0,147000000.0,0.0,0.0,56000000.0,4000000.0,4000000.0,0.0,0.0,514000000.0,241000000.0,-6000000.0,-13000000.0,-8000000.0,-7000000.0,222000000.0,0.0,0.0,0.0,7000000.0,0.0,0.0,7000000.0,-7000000.0,228000000.0,0.0,0.0,6000000.0,0.0,222000000.0,229790000.0,708000000.0,235000000.0,291000000.0,30.66,0.0,0.73,0.0,0.0,0.0,0.0,0.73,0.0,0.71,0.0,0.0,0.0,0.0,0.71,0.7556,0.735,0.0,0.0,304000000.0,312000000.0
2013-09-01,695000000.0,695000000.0,413000000.0,282000000.0,283000000.0,293000000.0,129000000.0,164000000.0,0.0,0.0,56000000.0,4000000.0,4000000.0,0.0,0.0,580000000.0,-298000000.0,46000000.0,6000000.0,46000000.0,-8000000.0,-273000000.0,0.0,0.0,0.0,8000000.0,0.0,0.0,7000000.0,-8000000.0,-260000000.0,0.0,0.0,13000000.0,0.0,-273000000.0,-302900000.0,993000000.0,-253000000.0,-197000000.0,-28.35,0.0,-0.89,0.0,0.0,0.0,0.0,-0.89,0.0,-0.89,0.0,0.0,0.0,0.0,-0.89,-0.9871,-0.9871,0.0,0.0,308000000.0,308000000.0
2013-12-01,808000000.0,808000000.0,517000000.0,291000000.0,275000000.0,305000000.0,91000000.0,214000000.0,0.0,0.0,58000000.0,4000000.0,4000000.0,0.0,0.0,584000000.0,-293000000.0,3000000.0,-10000000.0,1000000.0,-8000000.0,-308000000.0,0.0,0.0,0.0,8000000.0,0.0,0.0,7000000.0,-8000000.0,-298000000.0,0.0,0.0,10000000.0,0.0,-308000000.0,-308650000.0,1101000000.0,-291000000.0,-233000000.0,-28.84,0.0,-1.0,0.0,0.0,0.0,0.0,-1.0,0.0,-1.0,0.0,0.0,0.0,0.0,-1.0,-1.002,-1.002,0.0,0.0,309000000.0,309000000.0
2014-03-01,1123000000.0,1123000000.0,223000000.0,900000000.0,289000000.0,260000000.0,105000000.0,155000000.0,0.0,0.0,57000000.0,4000000.0,4000000.0,0.0,0.0,553000000.0,347000000.0,-8000000.0,-15000000.0,-3000000.0,-2000000.0,367000000.0,0.0,0.0,0.0,2000000.0,0.0,0.0,10000000.0,-2000000.0,337000000.0,0.0,0.0,-30000000.0,0.0,367000000.0,369600000.0,776000000.0,347000000.0,404000000.0,35.98,0.0,1.18,0.0,0.0,0.0,0.0,1.18,0.0,1.15,0.0,0.0,0.0,0.0,1.15,1.188,1.158,0.0,0.0,311000000.0,343000000.0
2014-06-01,1214000000.0,1214000000.0,367000000.0,847000000.0,265000000.0,218000000.0,88000000.0,130000000.0,0.0,0.0,56000000.0,3000000.0,3000000.0,0.0,0.0,486000000.0,361000000.0,1000000.0,24000000.0,1000000.0,-8000000.0,335000000.0,0.0,0.0,0.0,8000000.0,0.0,0.0,7000000.0,-8000000.0,354000000.0,0.0,0.0,19000000.0,0.0,335000000.0,334050000.0,853000000.0,361000000.0,417000000.0,34.35,0.0,1.07,0.0,0.0,0.0,0.0,1.07,0.0,1.04,0.0,0.0,0.0,0.0,1.04,1.067,1.037,0.0,0.0,313000000.0,322000000.0
2014-09-01,990000000.0,990000000.0,427000000.0,563000000.0,261000000.0,275000000.0,92000000.0,183000000.0,0.0,0.0,56000000.0,4000000.0,4000000.0,0.0,0.0,540000000.0,23000000.0,1000000.0,-8000000.0,1000000.0,-6000000.0,3000000.0,0.0,0.0,0.0,6000000.0,0.0,0.0,0.0,-6000000.0,18000000.0,0.0,0.0,15000000.0,0.0,3000000.0,2350000.0,967000000.0,23000000.0,79000000.0,7.98,0.0,0.01,0.0,0.0,0.0,0.0,0.01,0.0,0.01,0.0,0.0,0.0,0.0,0.01,0.0079,0.008,0.0,0.0,313000000.0,322000000.0
2014-12-01,1126000000.0,1126000000.0,401000000.0,725000000.0,283000000.0,276000000.0,107000000.0,169000000.0,0.0,0.0,53000000.0,4000000.0,4000000.0,0.0,0.0,563000000.0,162000000.0,0.0,-30000000.0,0.0,-6000000.0,142000000.0,0.0,0.0,0.0,6000000.0,0.0,0.0,0.0,-6000000.0,156000000.0,0.0,0.0,14000000.0,0.0,142000000.0,142000000.0,964000000.0,162000000.0,215000000.0,19.09,0.0,0.46,0.0,0.0,0.0,0.0,0.46,0.0,0.44,0.0,0.0,0.0,0.0,0.44,0.46,0.44,0.0,0.0,311000000.0,323000000.0
2015-03-01,1185000000.0,1185000000.0,234000000.0,951000000.0,285000000.0,264000000.0,99000000.0,165000000.0,0.0,0.0,55000000.0,3000000.0,3000000.0,0.0,0.0,552000000.0,399000000.0,-1000000.0,-21000000.0,1000000.0,-1000000.0,395000000.0,0.0,0.0,0.0,1000000.0,0.0,0.0,0.0,-1000000.0,397000000.0,0.0,0.0,2000000.0,0.0,395000000.0,396990000.0,786000000.0,407000000.0,462000000.0,38.99,0.0,1.27,0.0,0.0,0.0,0.0,1.27,0.0,1.19,0.0,0.0,0.0,0.0,1.19,1.276,1.196,0.0,0.0,308000000.0,334000000.0
2015-06-01,1203000000.0,1203000000.0,173000000.0,1030000000.0,296000000.0,221000000.0,98000000.0,123000000.0,0.0,0.0,49000000.0,1000000.0,1000000.0,0.0,0.0,518000000.0,512000000.0,0.0,-16000000.0,0.0,-3000000.0,442000000.0,0.0,0.0,0.0,3000000.0,0.0,0.0,0.0,-3000000.0,509000000.0,0.0,0.0,67000000.0,0.0,442000000.0,442000000.0,691000000.0,512000000.0,561000000.0,46.63,0.0,1.42,0.0,0.0,0.0,0.0,1.42,0.0,1.32,0.0,0.0,0.0,0.0,1.32,1.42,1.32,0.0,0.0,311000000.0,335000000.0
2015-09-01,815000000.0,815000000.0,409000000.0,406000000.0,265000000.0,257000000.0,101000000.0,156000000.0,0.0,0.0,50000000.0,3000000.0,3000000.0,0.0,0.0,525000000.0,-119000000.0,-3000000.0,-30000000.0,0.0,-6000000.0,-140000000.0,0.0,0.0,0.0,6000000.0,0.0,0.0,6000000.0,-6000000.0,-128000000.0,0.0,0.0,12000000.0,0.0,-140000000.0,-140000000.0,934000000.0,-122000000.0,-72000000.0,-8.83,0.0,-0.45,0.0,0.0,0.0,0.0,-0.45,0.0,-0.45,0.0,0.0,0.0,0.0,-0.45,-0.45,-0.45,0.0,0.0,312000000.0,312000000.0
2015-12-01,1070000000.0000001,1070000000.0000001,546000000.0,524000000.0,266000000.0,287000000.0,97000000.0,190000000.0,0.0,0.0,50000000.0,2000000.0,2000000.0,0.0,0.0,555000000.0,-31000000.0,6000000.0,-13000000.0,0.0,-5000000.0,-45000000.0,0.0,0.0,0.0,5000000.0,0.0,0.0,4000000.0,-5000000.0,-30000000.0,0.0,0.0,15000000.0,0.0,-45000000.0,-45000000.0,1101000000.0,-26000000.0,24000000.0,2.24,0.0,-0.14,0.0,0.0,0.0,0.0,-0.14,0.0,-0.14,0.0,0.0,0.0,0.0,-0.14,-0.14,-0.14,0.0,0.0,311000000.0,311000000.0
2016-03-01,1308000000.0,1308000000.0,226000000.0,1082000000.0,282000000.0,263000000.0,110000000.0,153000000.0,0.0,0.0,48000000.0,1000000.0,1000000.0,0.0,0.0,546000000.0,536000000.0,-6000000.0,41000000.0,0.0,-4000000.0,899000000.0,0.0,0.0,0.0,4000000.0,0.0,0.0,8000000.0,-4000000.0,526000000.0,0.0,0.0,-373000000.0,0.0,899000000.0,899000000.0,772000000.0,534000000.0,582000000.0,44.5,0.0,2.93,0.0,0.0,0.0,0.0,2.93,0.0,2.79,0.0,0.0,0.0,0.0,2.79,2.93,2.79,0.0,0.0,307000000.0,321000000.0
2016-06-01,1271000000.0,1271000000.0,179000000.0,1092000000.0,294000000.0,236000000.0,108000000.0,128000000.0,0.0,0.0,46000000.0,2000000.0,2000000.0,0.0,0.0,532000000.0,560000000.0,5000000.0,19000000.0,0.0,-13000000.0,440000000.0,0.0,0.0,0.0,13000000.0,0.0,0.0,12000000.0,-13000000.0,552000000.0,0.0,0.0,112000000.0,0.0,440000000.0,440000000.0,711000000.0,564000000.0,610000000.0,47.99,0.0,1.46,0.0,0.0,0.0,0.0,1.46,0.0,1.4,0.0,0.0,0.0,0.0,1.4,1.46,1.4,0.0,0.0,301000000.0,315000000.0
2016-09-01,898000000.0,898000000.0,401000000.0,497000000.0,291000000.0,254000000.0,111000000.0,143000000.0,0.0,0.0,45000000.0,1000000.0,1000000.0,0.0,0.0,546000000.0,-49000000.0,8000000.0,-13000000.0,0.0,-11000000.0,-38000000.0,0.0,0.0,0.0,11000000.0,0.0,0.0,11000000.0,-11000000.0,-52000000.0,0.0,0.0,-14000000.0,0.0,-38000000.0,-38000000.0,947000000.0,-41000000.0,4000000.0,0.45,0.0,-0.13,0.0,0.0,0.0,0.0,-0.13,0.0,-0.13,0.0,0.0,0.0,0.0,-0.13,-0.13,-0.13,0.0,0.0,301000000.0,301000000.0
2016-12-01,1149000000.0,1149000000.0,516000000.0,633000000.0,285000000.0,350000000.0,110000000.0,240000000.0,0.0,0.0,49000000.0,2000000.0,2000000.0,0.0,0.0,637000000.0,-4000000.0,10000000.0,9000000.0,0.0,-12000000.0,-1000000.0,0.0,0.0,0.0,12000000.0,0.0,0.0,11000000.0,-12000000.0,-6000000.0,0.0,0.0,-5000000.0,0.0,-1000000.0,-1000000.0,1153000000.0,5000000.0,54000000.0,4.7,0.0,-0.0033,0.0,0.0,0.0,0.0,-0.0033,0.0,-0.0033,0.0,0.0,0.0,0.0,-0.0033,-0.0033,-0.0033,0.0,0.0,303000000.0,303000000.0
2017-03-01,1527000000.0,1527000000.0,202000000.0,1325000000.0,335000000.0,272000000.0,110000000.0,162000000.0,0.0,0.0,32000000.0,1000000.0,1000000.0,0.0,0.0,608000000.0,717000000.0,-15000000.0,-18000000.0,0.0,14000000.0,566000000.0,0.0,0.0,0.0,0.0,0.0,0.0,11000000.0,14000000.0,716000000.0,0.0,0.0,150000000.0,0.0,566000000.0,566000000.0,810000000.0,727000000.0,759000000.0,49.71,0.0,1.84,0.0,0.0,0.0,0.0,1.84,0.0,1.81,0.0,0.0,0.0,0.0,1.81,1.84,1.81,0.0,0.0,306000000.0,314000000.0
2017-06-01,1449000000.0,1449000000.0,154000000.0,1295000000.0,325000000.0,226000000.0,105000000.0,121000000.0,0.0,0.0,31000000.0,1000000.0,1000000.0,0.0,0.0,552000000.0,743000000.0,17000000.0,-52000000.0,0.0,-11000000.0,644000000.0,0.0,0.0,0.0,11000000.0,0.0,0.0,10000000.0,-11000000.0,749000000.0,0.0,0.0,105000000.0,0.0,644000000.0,657760000.0,706000000.0,759000000.0,790000000.0,54.52,0.0,2.08,0.0,0.0,0.0,0.0,2.08,0.0,2.06,0.0,0.0,0.0,0.0,2.06,2.125,2.104,0.0,0.0,309000000.0,313000000.0
2017-09-01,959000000.0,959000000.0,389000000.0,570000000.0,331000000.0,278000000.0,118000000.0,160000000.0,0.0,0.0,32000000.0,2000000.0,2000000.0,0.0,0.0,611000000.0,-41000000.0,14000000.0,-2000000.0,0.0,-11000000.0,-22000000.0,0.0,0.0,0.0,11000000.0,0.0,0.0,11000000.0,-11000000.0,-38000000.0,0.0,0.0,-16000000.0,0.0,-22000000.0,-20200000.0,1000000000.0,-27000000.0,5000000.0,0.52,0.0,-0.07,0.0,0.0,0.0,0.0,-0.07,0.0,-0.07,0.0,0.0,0.0,0.0,-0.07,-0.0642,-0.0642,0.0,0.0,309000000.0,309000000.0
2017-12-01,1160000000.0,1160000000.0,501000000.0,659000000.0,329000000.0,350000000.0,120000000.0,230000000.0,0.0,0.0,34000000.0,1000000.0,1000000.0,0.0,0.0,680000000.0,-21000000.0,15000000.0,-22000000.0,0.0,-10000000.0,-186000000.0,0.0,0.0,0.0,10000000.0,0.0,0.0,10000000.0,-10000000.0,-16000000.0,0.0,0.0,170000000.0,0.0,-186000000.0,-186000000.0,1181000000.0,-6000000.0,28000000.0,2.41,0.0,-0.6,0.0,0.0,0.0,0.0,-0.6,0.0,-0.6,0.0,0.0,0.0,0.0,-0.6,-0.6,-0.6,0.0,0.0,308000000.0,308000000.0
2018-03-01,1582000000.0,1582000000.0,233000000.0,1349000000.0,335000000.0,256000000.0,126000000.0,130000000.0,0.0,0.0,39000000.0,5000000.0,5000000.0,0.0,0.0,596000000.0,753000000.0,-37000000.0,-32000000.0,0.0,38000000.0,607000000.0,0.0,0.0,0.0,0.0,0.0,0.0,11000000.0,38000000.0,754000000.0,0.0,0.0,147000000.0,0.0,607000000.0,605390000.0,829000000.0,765000000.0,804000000.0,50.82,0.0,1.98,0.0,0.0,0.0,0.0,1.98,0.0,1.95,0.0,0.0,0.0,0.0,1.95,1.975,1.945,0.0,0.0,305000000.0,312000000.0
2018-06-01,1137000000.0,1137000000.0,215000000.0,922000000.0,362000000.0,254000000.0,114000000.0,140000000.0,0.0,0.0,38000000.0,6000000.0,6000000.0,0.0,0.0,622000000.0,300000000.0,30000000.0,101000000.0,0.0,-11000000.0,293000000.0,0.0,0.0,0.0,11000000.0,0.0,0.0,10000000.0,-11000000.0,319000000.0,0.0,0.0,26000000.0,0.0,293000000.0,293000000.0,837000000.0,329000000.0,367000000.0,32.28,0.0,0.96,0.0,0.0,0.0,0.0,0.96,0.0,0.95,0.0,0.0,0.0,0.0,0.95,0.96,0.95,0.0,0.0,306000000.0,310000000.0
2018-09-01,1286000000.0,1286000000.0,418000000.0,868000000.0,339000000.0,263000000.0,117000000.0,146000000.0,0.0,0.0,36000000.0,6000000.0,6000000.0,0.0,0.0,608000000.0,260000000.0,27000000.0,7000000.0,-2000000.0,-11000000.0,255000000.0,0.0,0.0,0.0,11000000.0,0.0,0.0,11000000.0,-11000000.0,276000000.0,0.0,0.0,21000000.0,0.0,255000000.0,256850000.00000003,1026000000.0,287000000.0,323000000.0,25.12,0.0,0.84,0.0,0.0,0.0,0.0,0.84,0.0,0.83,0.0,0.0,0.0,0.0,0.83,0.8461,0.836,0.0,0.0,305000000.0,307000000.0
2018-12-01,1289000000.0,1289000000.0,413000000.0,876000000.0,334000000.0,293000000.0,106000000.0,187000000.0,0.0,0.0,34000000.0,6000000.0,6000000.0,0.0,0.0,633000000.0,243000000.0,33000000.0,2000000.0,-1000000.0,-11000000.0,262000000.0,0.0,0.0,0.0,11000000.0,0.0,0.0,11000000.0,-11000000.0,265000000.0,0.0,0.0,3000000.0,0.0,262000000.0,262990000.0,1046000000.0,276000000.0,310000000.0,24.05,0.0,0.87,0.0,0.0,0.0,0.0,0.87,0.0,0.86,0.0,0.0,0.0,0.0,0.86,0.8733,0.8633,0.0,0.0,302000000.0,304000000.0
2019-03-01,1238000000.0,1238000000.0,276000000.0,962000000.0,398000000.0,352000000.0,123000000.0,229000000.0,0.0,0.0,37000000.0,5000000.0,5000000.0,0.0,0.0,755000000.0,207000000.0,-64000000.0,-13000000.0,-11000000.0,76000000.0,209000000.0,0.0,0.0,0.0,0.0,0.0,0.0,11000000.0,76000000.0,219000000.0,0.0,0.0,10000000.0,0.0,209000000.0,180370000.0,1030999999.9999999,230000000.0,267000000.0,21.57,0.0,0.7,0.0,0.0,0.0,0.0,0.7,0.0,0.69,0.0,0.0,0.0,0.0,0.69,0.6046,0.5955,0.0,0.0,300000000.0,303000000.0
2019-06-01,1209000000.0,1209000000.0,187000000.0,1022000000.0,381000000.0,220000000.0,110000000.0,110000000.0,0.0,0.0,37000000.0,5000000.0,5000000.0,0.0,0.0,606000000.0,416000000.0,31000000.0,13000000.0,-1000000.0,-11000000.0,1421000000.0,0.0,0.0,0.0,11000000.0,0.0,0.0,10000000.0,-11000000.0,436000000.0,0.0,0.0,-985000000.0,0.0,1421000000.0,1422000000.0,793000000.0,446000000.0,483000000.0,39.95,0.0,4.78,0.0,0.0,0.0,0.0,4.78,0.0,4.75,0.0,0.0,0.0,0.0,4.75,4.782,4.752,0.0,0.0,297000000.0,299000000.0
2019-09-01,1348000000.0,1348000000.0,405000000.0,943000000.0,387000000.0,280000000.0,128000000.0,152000000.0,0.0,0.0,35000000.0,6000000.0,6000000.0,0.0,0.0,673000000.0,270000000.0,25000000.0,7000000.0,-2000000.0,-11000000.0,854000000.0,0.0,0.0,0.0,11000000.0,0.0,0.0,11000000.0,-11000000.0,284000000.0,0.0,0.0,-570000000.0,0.0,854000000.0,855460000.0,1078000000.0,295000000.0,330000000.0,24.48,0.0,2.89,0.0,0.0,0.0,0.0,2.89,0.0,2.89,0.0,0.0,0.0,0.0,2.89,2.895,2.895,0.0,0.0,295000000.0,296000000.0
2019-12-01,1593000000.0,1593000000.0,508000000.0,1085000000.0,389000000.0,328000000.0,126000000.0,202000000.0,0.0,0.0,39000000.0,5000000.0,5000000.0,0.0,0.0,722000000.0,363000000.0,21000000.0,-23000000.0,-2000000.0,-10000000.0,346000000.0,0.0,0.0,0.0,10000000.0,0.0,0.0,10000000.0,-10000000.0,374000000.0,0.0,0.0,28000000.0,0.0,346000000.0,347840000.0,1230000000.0,384000000.0,423000000.0,26.55,0.0,1.18,0.0,0.0,0.0,0.0,1.18,0.0,1.18,0.0,0.0,0.0,0.0,1.18,1.186,1.186,0.0,0.0,292000000.0,294000000.0
2020-03-01,1387000000.0,1387000000.0,269000000.0,1118000000.0,402000000.0,309000000.0,142000000.0,167000000.0,0.0,0.0,39000000.0,6000000.0,6000000.0,0.0,0.0,717000000.0,401000000.0,-75000000.0,-17000000.0,0.0,88000000.0,418000000.0,0.0,0.0,0.0,0.0,0.0,0.0,13000000.0,88000000.0,414000000.0,0.0,0.0,-4000000.0,0.0,418000000.0,412890000.0,986000000.0,427000000.0,466000000.0,33.6,0.0,1.44,0.0,0.0,0.0,0.0,1.44,0.0,1.43,0.0,0.0,0.0,0.0,1.43,1.422,1.412,0.0,0.0,290000000.0,292000000.0
2020-06-01,1459000000.0,1459000000.0,288000000.0,1171000000.0,438000000.0,257000000.0,136000000.0,121000000.0,0.0,0.0,37000000.0,5000000.0,5000000.0,0.0,0.0,700000000.0,471000000.0,8000000.0,-2000000.0,0.0,-11000000.0,365000000.0,0.0,0.0,0.0,11000000.0,0.0,0.0,10000000.0,-11000000.0,468000000.0,0.0,0.0,103000000.0,0.0,365000000.0,365000000.0,988000000.0,478000000.0,515000000.0,35.3,0.0,1.27,0.0,0.0,0.0,0.0,1.27,0.0,1.25,0.0,0.0,0.0,0.0,1.25,1.27,1.25,0.0,0.0,288000000.0,292000000.0
2020-09-01,1151000000.0,1151000000.0,286000000.0,865000000.0,421000000.0,289000000.0,133000000.0,156000000.0,0.0,0.0,40000000.0,6000000.0,6000000.0,0.0,0.0,716000000.0,149000000.0,1000000.0,-37000000.0,0.0,-11000000.0,185000000.0,0.0,0.0,0.0,11000000.0,0.0,0.0,11000000.0,-11000000.0,139000000.0,0.0,0.0,-46000000.0,0.0,185000000.0,185000000.0,1002000000.0,150000000.0,190000000.0,16.51,0.0,0.64,0.0,0.0,0.0,0.0,0.64,0.0,0.63,0.0,0.0,0.0,0.0,0.63,0.64,0.63,0.0,0.0,289000000.0,293000000.0
2020-12-01,1673000000.0,1673000000.0,601000000.0,1072000000.0000001,451000000.0,365000000.0,149000000.0,216000000.0,0.0,0.0,46000000.0,5000000.0,5000000.0,0.0,0.0,821000000.0,251000000.0,5000000.0,-5000000.0,0.0,-11000000.0,211000000.0,0.0,0.0,0.0,11000000.0,0.0,0.0,10000000.0,-11000000.0,245000000.0,0.0,0.0,34000000.0,0.0,211000000.0,211000000.0,1422000000.0,255000000.0,301000000.0,17.99,0.0,0.73,0.0,0.0,0.0,0.0,0.73,0.0,0.72,0.0,0.0,0.0,0.0,0.72,0.73,0.72,0.17,0.0,290000000.0,292000000.0
2021-03-01,1346000000.0,1346000000.0,319000000.0,1026999999.9999999,468000000.0,370000000.0,174000000.0,196000000.0,0.0,0.0,58000000.0,14000000.0,14000000.0,0.0,0.0,852000000.0,175000000.0,-22000000.0,44000000.0,0.0,12000000.0,76000000.0,0.0,0.0,0.0,0.0,0.0,0.0,14000000.0,12000000.0,165000000.0,0.0,0.0,89000000.0,0.0,76000000.0,76000000.0,1171000000.0,179000000.0,237000000.0,17.61,0.0,0.26,0.0,0.0,0.0,0.0,0.26,0.0,0.26,0.0,0.0,0.0,0.0,0.26,0.26,0.26,0.17,0.0,289000000.0,292000000.0
2021-06-01,1551000000.0,1551000000.0,315000000.0,1236000000.0,515000000.0,359000000.0,169000000.0,190000000.0,0.0,0.0,105000000.0,40000000.0,40000000.0,0.0,0.0,914000000.0,322000000.0,0.0,15000000.0,0.0,-14000000.0,204000000.0,0.0,0.0,0.0,14000000.0,0.0,0.0,0.0,-14000000.0,308000000.0,0.0,0.0,104000000.0,0.0,204000000.0,204000000.0,1229000000.0,322000000.0,427000000.0,27.53,0.0,0.71,0.0,0.0,0.0,0.0,0.71,0.0,0.71,0.0,0.0,0.0,0.0,0.71,0.71,0.71,0.17,0.0,286000000.0,289000000.0
2021-09-01,1826000000.0,1826000000.0,494000000.0,1332000000.0,553000000.0,409000000.0,176000000.0,233000000.0,0.0,0.0,94000000.0,30000000.0,30000000.0,0.0,0.0,992000000.0,340000000.0,1000000.0,33000000.0,0.0,-15000000.0,294000000.0,0.0,0.0,0.0,15000000.0,0.0,0.0,14000000.0,-15000000.0,326000000.0,0.0,0.0,32000000.0,0.0,294000000.0,294000000.0,1486000000.0,340000000.0,434000000.0,23.77,0.0,1.03,0.0,0.0,0.0,0.0,1.03,0.0,1.02,0.0,0.0,0.0,0.0,1.02,1.03,1.02,0.17,0.0,285000000.0,287000000.0
2021-12-01,1789000000.0,1789000000.0,631000000.0,1158000000.0,539000000.0,456000000.0,163000000.0,293000000.0,0.0,0.0,146000000.0,61000000.0,61000000.0,0.0,0.0,1056000000.0,102000000.0,0.0,8000000.0,0.0,-14000000.0,66000000.0,0.0,0.0,0.0,14000000.0,0.0,0.0,13000000.0,-14000000.0,91000000.0,0.0,0.0,25000000.0,0.0,66000000.0,66000000.0,1687000000.0,104000000.0,250000000.0,13.97,0.0,0.23,0.0,0.0,0.0,0.0,0.23,0.0,0.23,0.0,0.0,0.0,0.0,0.23,0.23,0.23,0.17,0.0,283000000.0,285000000.0
2022-03-01,1825000000.0,1825000000.0,419000000.0,1406000000.0,579000000.0,410000000.0,165000000.0,245000000.0,0.0,0.0,141000000.0,52000000.0,52000000.0,0.0,0.0,1040999999.9999999,365000000.0,0.0,9000000.0,0.0,-11000000.0,225000000.0,0.0,0.0,0.0,11000000.0,0.0,0.0,17000000.0,-11000000.0,356000000.0,0.0,0.0,131000000.0,0.0,225000000.0,225000000.0,1460000000.0,373000000.0,514000000.0,28.16,0.0,0.8,0.0,0.0,0.0,0.0,0.8,0.0,0.8,0.0,0.0,0.0,0.0,0.8,0.8,0.8,0.17,0.0,284000000.0,284000000.0
2022-06-01,1767000000.0,1767000000.0,314000000.0,1453000000.0,572000000.0,401000000.0,167000000.0,234000000.0,0.0,0.0,114000000.0,39000000.0,39000000.0,0.0,0.0,1012000000.0,441000000.0,0.0,56000000.0,0.0,-5000000.0,311000000.0,0.0,0.0,0.0,5000000.0,0.0,0.0,0.0,-5000000.0,436000000.0,0.0,0.0,125000000.0,0.0,311000000.0,311000000.0,1326000000.0,441000000.0,555000000.0,31.41,0.0,1.11,0.0,0.0,0.0,0.0,1.11,0.0,1.11,0.0,0.0,0.0,0.0,1.11,1.11,1.11,0.19,0.0,279000000.0,281000000.0
2022-09-01,1904000000.0,1904000000.0,462000000.0,1442000000.0,565000000.0,407000000.0,174000000.0,233000000.0,0.0,0.0,127000000.0,43000000.0,43000000.0,0.0,0.0,1014999999.9999999,427000000.0,15000000.0,66000000.0,0.0,-15000000.0,299000000.0,0.0,0.0,0.0,15000000.0,0.0,0.0,14000000.0,-15000000.0,427000000.0,0.0,0.0,128000000.0,0.0,299000000.0,299000000.0,1477000000.0,441000000.0,568000000.0,29.83,0.0,1.08,0.0,0.0,0.0,0.0,1.08,0.0,1.07,0.0,0.0,0.0,0.0,1.07,1.08,1.07,0.19,0.0,278000000.0,279000000.0
2022-12-01,1881000000.0,1881000000.0,568000000.0,1313000000.0,556000000.0,418000000.0,162000000.0,256000000.0,0.0,0.0,122000000.0,50000000.0,50000000.0,0.0,0.0,1024000000.0,289000000.0,0.0,-174000000.0,0.0,-7000000.0,204000000.0,0.0,0.0,0.0,7000000.0,0.0,7000000.0,13000000.0,-7000000.0,282000000.0,0.0,0.0,78000000.0,0.0,204000000.0,204000000.0,1592000000.0,295000000.0,417000000.0,22.17,0.0,0.74,0.0,0.0,0.0,0.0,0.74,0.0,0.73,0.0,0.0,0.0,0.0,0.73,0.74,0.73,0.19,0.0,276000000.0,278000000.0
2023-03-01,1874000000.0,1874000000.0,448000000.0,1426000000.0,635000000.0,479000000.0,224000000.0,255000000.0,0.0,0.0,173000000.0,26000000.0,26000000.0,0.0,0.0,1140000000.0,286000000.0,0.0,-30000000.0,-111000000.0,3000000.0,-12000000.0,0.0,0.0,0.0,0.0,0.0,18000000.0,17000000.0,3000000.0,181000000.0,0.0,0.0,193000000.0,0.0,-12000000.0,74110000.0,1588000000.0,198000000.0,371000000.0,19.8,0.0,-0.04,0.0,0.0,0.0,0.0,-0.04,0.0,-0.04,0.0,0.0,0.0,0.0,-0.04,0.2743,0.2731,0.19,0.0,274000000.0,275000000.0
2023-06-01,1924000000.0,1924000000.0,368000000.0,1556000000.0,596000000.0,392000000.0,163000000.0,229000000.0,0.0,0.0,88000000.0,25000000.0,25000000.0,0.0,0.0,1012999999.9999999,543000000.0,-1000000.0,-8000000.0,-1000000.0,14000000.0,402000000.0,0.0,0.0,0.0,0.0,0.0,0.0,0.0,14000000.0,556000000.0,0.0,0.0,154000000.0,0.0,402000000.0,402720000.0,1381000000.0,543000000.0,631000000.0,32.8,0.0,1.48,0.0,0.0,0.0,0.0,1.48,0.0,1.47,0.0,0.0,0.0,0.0,1.47,1.483,1.473,0.19,0.0,272000000.0,274000000.0
2023-09-01,1914000000.0,1914000000.0,456000000.0,1458000000.0,602000000.0,453000000.0,173000000.0,280000000.0,0.0,0.0,85000000.0,24000000.0,24000000.0,0.0,0.0,1079000000.0,379000000.0,26000000.0,41000000.0,-2000000.0,-14000000.0,399000000.0,0.0,0.0,0.0,14000000.0,0.0,0.0,14000000.0,-14000000.0,391000000.0,0.0,0.0,-8000000.0,0.0,399000000.0,400580000.0,1535000000.0,405000000.0,490000000.0,25.6,0.0,1.47,0.0,0.0,0.0,0.0,1.47,0.0,1.47,0.0,0.0,0.0,0.0,1.47,1.476,1.476,0.19,0.0,271000000.0,272000000.0
2023-12-01,1945000000.0,1945000000.0,529000000.0,1416000000.0,584000000.0,446000000.0,170000000.0,276000000.0,0.0,0.0,82000000.0,21000000.0,21000000.0,0.0,0.0,1050999999.9999999,365000000.0,0.0,-50000000.0,0.0,17000000.0,290000000.0,0.0,0.0,0.0,0.0,0.0,32000000.0,15000000.0,17000000.0,382000000.0,0.0,0.0,92000000.0,0.0,290000000.0,290000000.0,1580000000.0,397000000.0,479000000.0,24.63,0.0,1.08,0.0,0.0,0.0,0.0,1.08,0.0,1.07,0.0,0.0,0.0,0.0,1.07,1.08,1.07,0.19,0.0,269000000.0,271000000.0
